TA51;50;15;EST-M;2;Yes;No;375;375;0;3070;11;1
TA52;50;15;EST-M;2;Yes;No;375;375;0;3128;13;1
TA53;50;15;EST-M;2;Yes;No;375;375;0;2956;9;1
TA54;50;15;EST-M;2;Yes;No;375;375;0;3039;7;1
TA55;50;15;EST-M;2;Yes;No;375;375;0;2998;12;1
TA56;50;15;EST-M;2;Yes;No;375;375;0;3062;10;1
TA57;50;15;EST-M;2;Yes;No;375;375;0;3228;10;1
TA58;50;15;EST-M;2;Yes;No;375;375;0;3109;8;1
TA59;50;15;EST-M;2;Yes;No;375;375;0;3013;13;1
TA60;50;15;EST-M;2;Yes;No;375;375;0;3083;13;1
TA51;50;15;EST-M;3;Yes;No;250;250;0;2993;8;1
TA52;50;15;EST-M;3;Yes;No;250;250;0;2985;8;1
TA53;50;15;EST-M;3;Yes;No;250;250;0;2907;7;1
TA54;50;15;EST-M;3;Yes;No;250;250;0;2922;3;1
TA55;50;15;EST-M;3;Yes;No;250;250;0;3005;12;1
TA56;50;15;EST-M;3;Yes;No;250;250;0;3145;13;1
TA57;50;15;EST-M;3;Yes;No;250;250;0;3133;6;1
TA58;50;15;EST-M;3;Yes;No;250;250;0;3201;11;1
TA59;50;15;EST-M;3;Yes;No;250;250;0;2963;12;1
TA60;50;15;EST-M;3;Yes;No;250;250;0;2905;7;1
TA51;50;15;EST-M;4;Yes;No;188;188;0;2972;8;1
TA52;50;15;EST-M;4;Yes;No;188;188;0;2997;9;1
TA53;50;15;EST-M;4;Yes;No;188;188;0;2948;9;1
TA54;50;15;EST-M;4;Yes;No;188;188;0;2939;4;1
TA55;50;15;EST-M;4;Yes;No;188;188;0;2948;10;1
TA56;50;15;EST-M;4;Yes;No;188;188;0;3115;12;1
TA57;50;15;EST-M;4;Yes;No;188;188;0;3286;12;1
TA58;50;15;EST-M;4;Yes;No;188;188;0;3091;7;1
TA59;50;15;EST-M;4;Yes;No;188;188;0;2920;10;1
TA60;50;15;EST-M;4;Yes;No;188;188;0;2887;6;1
TA51;50;15;EST-M;5;Yes;No;150;150;0;3082;12;1
TA52;50;15;EST-M;5;Yes;No;150;150;0;3008;9;1
TA53;50;15;EST-M;5;Yes;No;150;150;0;2962;9;1
TA54;50;15;EST-M;5;Yes;No;150;150;0;3011;6;1
TA55;50;15;EST-M;5;Yes;No;150;150;0;2955;10;1
TA56;50;15;EST-M;5;Yes;No;150;150;0;3284;18;1
TA57;50;15;EST-M;5;Yes;No;150;150;0;3219;9;1
TA58;50;15;EST-M;5;Yes;No;150;150;0;3061;6;1
TA59;50;15;EST-M;5;Yes;No;150;150;0;2906;9;1
TA60;50;15;EST-M;5;Yes;No;150;150;0;2919;7;1
TA51;50;15;EST-M;6;Yes;No;125;125;0;3172;15;1
TA52;50;15;EST-M;6;Yes;No;125;125;0;3043;10;1
TA53;50;15;EST-M;6;Yes;No;125;125;0;2928;8;1
TA54;50;15;EST-M;6;Yes;No;125;125;0;2929;3;1
TA55;50;15;EST-M;6;Yes;No;125;125;0;3063;14;1
TA56;50;15;EST-M;6;Yes;No;125;125;0;3131;13;1
TA57;50;15;EST-M;6;Yes;No;125;125;0;3207;9;1
TA58;50;15;EST-M;6;Yes;No;125;125;0;3066;6;1
TA59;50;15;EST-M;6;Yes;No;125;125;0;3053;15;1
TA60;50;15;EST-M;6;Yes;No;125;125;0;2990;10;1
TA51;50;15;EST-M;7;Yes;No;107;107;0;3076;11;1
TA52;50;15;EST-M;7;Yes;No;107;107;0;3087;12;1
TA53;50;15;EST-M;7;Yes;No;107;107;0;2976;10;1
TA54;50;15;EST-M;7;Yes;No;107;107;0;3105;9;1
TA55;50;15;EST-M;7;Yes;No;107;107;0;3064;14;1
TA56;50;15;EST-M;7;Yes;No;107;107;0;3106;12;1
TA57;50;15;EST-M;7;Yes;No;107;107;0;3362;14;1
TA58;50;15;EST-M;7;Yes;No;107;107;0;3128;8;1
TA59;50;15;EST-M;7;Yes;No;107;107;0;2960;11;1
TA60;50;15;EST-M;7;Yes;No;107;107;0;2971;9;1
TA51;50;15;EST-M;8;Yes;No;94;94;0;3115;13;1
TA52;50;15;EST-M;8;Yes;No;94;94;0;3050;11;1
TA53;50;15;EST-M;8;Yes;No;94;94;0;3068;13;1
TA54;50;15;EST-M;8;Yes;No;94;94;0;3099;9;1
TA55;50;15;EST-M;8;Yes;No;94;94;0;3093;15;1
TA56;50;15;EST-M;8;Yes;No;94;94;0;3227;16;1
TA57;50;15;EST-M;8;Yes;No;94;94;0;3297;12;1
TA58;50;15;EST-M;8;Yes;No;94;94;0;3211;11;1
TA59;50;15;EST-M;8;Yes;No;94;94;0;2993;13;1
TA60;50;15;EST-M;8;Yes;No;94;94;0;3020;11;1
TA51;50;15;EST-M;9;Yes;No;83;83;0;3149;14;1
TA52;50;15;EST-M;9;Yes;No;83;83;0;3111;13;1
TA53;50;15;EST-M;9;Yes;No;83;83;0;3025;11;1
TA54;50;15;EST-M;9;Yes;No;83;83;0;3077;8;1
TA55;50;15;EST-M;9;Yes;No;83;83;0;3129;17;1
TA56;50;15;EST-M;9;Yes;No;83;83;0;3273;18;1
TA57;50;15;EST-M;9;Yes;No;83;83;0;3278;11;1
TA58;50;15;EST-M;9;Yes;No;83;83;0;3185;10;1
TA59;50;15;EST-M;9;Yes;No;83;83;0;3026;14;1
TA60;50;15;EST-M;9;Yes;No;83;83;0;3022;11;1
TA51;50;15;EST-M;10;Yes;No;75;75;0;3180;15;1
TA52;50;15;EST-M;10;Yes;No;75;75;0;3147;14;1
TA53;50;15;EST-M;10;Yes;No;75;75;0;3073;13;1
TA54;50;15;EST-M;10;Yes;No;75;75;0;3131;10;1
TA55;50;15;EST-M;10;Yes;No;75;75;0;3096;16;1
TA56;50;15;EST-M;10;Yes;No;75;75;0;3254;17;1
TA57;50;15;EST-M;10;Yes;No;75;75;0;3326;13;1
TA58;50;15;EST-M;10;Yes;No;75;75;0;3158;9;1
TA59;50;15;EST-M;10;Yes;No;75;75;0;3041;15;1
TA60;50;15;EST-M;10;Yes;No;75;75;0;3110;14;1
TA51;50;15;MTWR-M;2;Yes;No;375;375;0;3070;11;1
TA52;50;15;MTWR-M;2;Yes;No;375;375;0;3150;14;1
TA53;50;15;MTWR-M;2;Yes;No;375;375;0;3039;12;1
TA54;50;15;MTWR-M;2;Yes;No;375;375;0;3066;8;1
TA55;50;15;MTWR-M;2;Yes;No;375;375;0;3099;16;1
TA56;50;15;MTWR-M;2;Yes;No;375;375;0;3092;11;1
TA57;50;15;MTWR-M;2;Yes;No;375;375;0;3247;10;1
TA58;50;15;MTWR-M;2;Yes;No;375;375;0;3166;10;1
TA59;50;15;MTWR-M;2;Yes;No;375;375;0;3044;15;1
TA60;50;15;MTWR-M;2;Yes;No;375;375;0;3085;13;1
TA51;50;15;MTWR-M;3;Yes;No;250;250;0;2963;7;1
TA52;50;15;MTWR-M;3;Yes;No;250;250;0;3085;12;1
TA53;50;15;MTWR-M;3;Yes;No;250;250;0;2854;5;1
TA54;50;15;MTWR-M;3;Yes;No;250;250;0;2921;3;1
TA55;50;15;MTWR-M;3;Yes;No;250;250;0;2990;12;1
TA56;50;15;MTWR-M;3;Yes;No;250;250;0;3154;13;1
TA57;50;15;MTWR-M;3;Yes;No;250;250;0;3230;10;1
TA58;50;15;MTWR-M;3;Yes;No;250;250;0;3090;7;1
TA59;50;15;MTWR-M;3;Yes;No;250;250;0;2877;8;1
TA60;50;15;MTWR-M;3;Yes;No;250;250;0;3000;10;1
TA51;50;15;MTWR-M;4;Yes;No;188;188;0;2976;8;1
TA52;50;15;MTWR-M;4;Yes;No;188;188;0;3145;14;1
TA53;50;15;MTWR-M;4;Yes;No;188;188;0;2905;7;1
TA54;50;15;MTWR-M;4;Yes;No;188;188;0;2916;3;1
TA55;50;15;MTWR-M;4;Yes;No;188;188;0;2942;10;1
TA56;50;15;MTWR-M;4;Yes;No;188;188;0;3070;10;1
TA57;50;15;MTWR-M;4;Yes;No;188;188;0;3173;8;1
TA58;50;15;MTWR-M;4;Yes;No;188;188;0;3169;10;1
TA59;50;15;MTWR-M;4;Yes;No;188;188;0;2924;10;1
TA60;50;15;MTWR-M;4;Yes;No;188;188;0;3035;11;1
TA51;50;15;MTWR-M;5;Yes;No;150;150;0;3027;10;1
TA52;50;15;MTWR-M;5;Yes;No;150;150;0;3173;15;1
TA53;50;15;MTWR-M;5;Yes;No;150;150;0;2945;8;1
TA54;50;15;MTWR-M;5;Yes;No;150;150;0;2918;3;1
TA55;50;15;MTWR-M;5;Yes;No;150;150;0;2975;11;1
TA56;50;15;MTWR-M;5;Yes;No;150;150;0;3126;12;1
TA57;50;15;MTWR-M;5;Yes;No;150;150;0;3263;11;1
TA58;50;15;MTWR-M;5;Yes;No;150;150;0;3177;10;1
TA59;50;15;MTWR-M;5;Yes;No;150;150;0;2949;11;1
TA60;50;15;MTWR-M;5;Yes;No;150;150;0;2990;10;1
TA51;50;15;MTWR-M;6;Yes;No;125;125;0;3058;11;1
TA52;50;15;MTWR-M;6;Yes;No;125;125;0;3124;13;1
TA53;50;15;MTWR-M;6;Yes;No;125;125;0;2979;10;1
TA54;50;15;MTWR-M;6;Yes;No;125;125;0;2914;3;1
TA55;50;15;MTWR-M;6;Yes;No;125;125;0;3060;14;1
TA56;50;15;MTWR-M;6;Yes;No;125;125;0;3153;13;1
TA57;50;15;MTWR-M;6;Yes;No;125;125;0;3219;9;1
TA58;50;15;MTWR-M;6;Yes;No;125;125;0;3171;10;1
TA59;50;15;MTWR-M;6;Yes;No;125;125;0;2935;11;1
TA60;50;15;MTWR-M;6;Yes;No;125;125;0;3019;11;1
TA51;50;15;MTWR-M;7;Yes;No;107;107;0;3075;11;1
TA52;50;15;MTWR-M;7;Yes;No;107;107;0;3137;14;1
TA53;50;15;MTWR-M;7;Yes;No;107;107;0;2879;6;1
TA54;50;15;MTWR-M;7;Yes;No;107;107;0;3006;6;1
TA55;50;15;MTWR-M;7;Yes;No;107;107;0;3081;15;1
TA56;50;15;MTWR-M;7;Yes;No;107;107;0;3072;10;1
TA57;50;15;MTWR-M;7;Yes;No;107;107;0;3246;10;1
TA58;50;15;MTWR-M;7;Yes;No;107;107;0;3150;9;1
TA59;50;15;MTWR-M;7;Yes;No;107;107;0;2915;10;1
TA60;50;15;MTWR-M;7;Yes;No;107;107;0;3129;15;1
TA51;50;15;MTWR-M;8;Yes;No;94;94;0;3087;12;1
TA52;50;15;MTWR-M;8;Yes;No;94;94;0;3152;14;1
TA53;50;15;MTWR-M;8;Yes;No;94;94;0;2974;9;1
TA54;50;15;MTWR-M;8;Yes;No;94;94;0;2910;3;1
TA55;50;15;MTWR-M;8;Yes;No;94;94;0;3025;13;1
TA56;50;15;MTWR-M;8;Yes;No;94;94;0;3120;12;1
TA57;50;15;MTWR-M;8;Yes;No;94;94;0;3280;11;1
TA58;50;15;MTWR-M;8;Yes;No;94;94;0;3143;9;1
TA59;50;15;MTWR-M;8;Yes;No;94;94;0;3002;13;1
TA60;50;15;MTWR-M;8;Yes;No;94;94;0;3015;11;1
TA51;50;15;MTWR-M;9;Yes;No;83;83;0;3115;13;1
TA52;50;15;MTWR-M;9;Yes;No;83;83;0;3127;13;1
TA53;50;15;MTWR-M;9;Yes;No;83;83;0;2981;10;1
TA54;50;15;MTWR-M;9;Yes;No;83;83;0;2981;5;1
TA55;50;15;MTWR-M;9;Yes;No;83;83;0;3053;14;1
TA56;50;15;MTWR-M;9;Yes;No;83;83;0;3194;15;1
TA57;50;15;MTWR-M;9;Yes;No;83;83;0;3308;12;1
TA58;50;15;MTWR-M;9;Yes;No;83;83;0;3207;11;1
TA59;50;15;MTWR-M;9;Yes;No;83;83;0;2989;13;1
TA60;50;15;MTWR-M;9;Yes;No;83;83;0;3039;12;1
TA51;50;15;MTWR-M;10;Yes;No;75;75;0;3139;14;1
TA52;50;15;MTWR-M;10;Yes;No;75;75;0;3213;17;1
TA53;50;15;MTWR-M;10;Yes;No;75;75;0;2949;9;1
TA54;50;15;MTWR-M;10;Yes;No;75;75;0;2927;3;1
TA55;50;15;MTWR-M;10;Yes;No;75;75;0;3016;13;1
TA56;50;15;MTWR-M;10;Yes;No;75;75;0;3129;13;1
TA57;50;15;MTWR-M;10;Yes;No;75;75;0;3213;9;1
TA58;50;15;MTWR-M;10;Yes;No;75;75;0;3260;13;1
TA59;50;15;MTWR-M;10;Yes;No;75;75;0;2996;13;1
TA60;50;15;MTWR-M;10;Yes;No;75;75;0;3040;12;1
TA51;50;15;EST-T;2;Yes;No;375;375;0;3411;24;2
TA52;50;15;EST-T;2;Yes;No;375;375;0;3615;31;2
TA53;50;15;EST-T;2;Yes;No;375;375;0;3260;20;1
TA54;50;15;EST-T;2;Yes;No;375;375;0;3448;21;2
TA55;50;15;EST-T;2;Yes;No;375;375;0;3357;25;2
TA56;50;15;EST-T;2;Yes;No;375;375;0;3442;24;2
TA57;50;15;EST-T;2;Yes;No;375;375;0;3556;21;2
TA58;50;15;EST-T;2;Yes;No;375;375;0;3674;27;2
TA59;50;15;EST-T;2;Yes;No;375;375;0;3273;23;2
TA60;50;15;EST-T;2;Yes;No;375;375;0;3191;17;1
TA51;50;15;EST-T;3;Yes;No;250;250;0;3755;36;2
TA52;50;15;EST-T;3;Yes;No;250;250;0;3521;28;2
TA53;50;15;EST-T;3;Yes;No;250;250;0;3350;23;2
TA54;50;15;EST-T;3;Yes;No;250;250;0;3377;19;1
TA55;50;15;EST-T;3;Yes;No;250;250;0;3626;35;2
TA56;50;15;EST-T;3;Yes;No;250;250;0;3357;21;2
TA57;50;15;EST-T;3;Yes;No;250;250;0;3619;23;2
TA58;50;15;EST-T;3;Yes;No;250;250;0;3582;24;2
TA59;50;15;EST-T;3;Yes;No;250;250;0;3549;34;2
TA60;50;15;EST-T;3;Yes;No;250;250;0;3185;17;1
TA51;50;15;EST-T;4;Yes;No;188;188;0;3763;36;2
TA52;50;15;EST-T;4;Yes;No;188;188;0;3445;25;2
TA53;50;15;EST-T;4;Yes;No;188;188;0;3367;24;2
TA54;50;15;EST-T;4;Yes;No;188;188;0;3447;21;2
TA55;50;15;EST-T;4;Yes;No;188;188;0;3474;30;2
TA56;50;15;EST-T;4;Yes;No;188;188;0;3524;27;2
TA57;50;15;EST-T;4;Yes;No;188;188;0;3810;29;2
TA58;50;15;EST-T;4;Yes;No;188;188;0;3476;20;2
TA59;50;15;EST-T;4;Yes;No;188;188;0;3518;33;2
TA60;50;15;EST-T;4;Yes;No;188;188;0;3160;16;1
TA51;50;15;EST-T;5;Yes;No;150;150;0;3553;29;2
TA52;50;15;EST-T;5;Yes;No;150;150;0;3450;25;2
TA53;50;15;EST-T;5;Yes;No;150;150;0;3352;23;2
TA54;50;15;EST-T;5;Yes;No;150;150;0;3282;16;1
TA55;50;15;EST-T;5;Yes;No;150;150;0;3436;28;2
TA56;50;15;EST-T;5;Yes;No;150;150;0;3459;24;2
TA57;50;15;EST-T;5;Yes;No;150;150;0;3569;21;2
TA58;50;15;EST-T;5;Yes;No;150;150;0;3493;21;2
TA59;50;15;EST-T;5;Yes;No;150;150;0;3354;26;2
TA60;50;15;EST-T;5;Yes;No;150;150;0;3368;24;2
TA51;50;15;EST-T;6;Yes;No;125;125;0;3591;30;2
TA52;50;15;EST-T;6;Yes;No;125;125;0;3476;26;2
TA53;50;15;EST-T;6;Yes;No;125;125;0;3581;32;2
TA54;50;15;EST-T;6;Yes;No;125;125;0;3296;16;1
TA55;50;15;EST-T;6;Yes;No;125;125;0;3570;33;2
TA56;50;15;EST-T;6;Yes;No;125;125;0;3674;32;2
TA57;50;15;EST-T;6;Yes;No;125;125;0;3461;18;1
TA58;50;15;EST-T;6;Yes;No;125;125;0;3564;24;2
TA59;50;15;EST-T;6;Yes;No;125;125;0;3420;29;2
TA60;50;15;EST-T;6;Yes;No;125;125;0;3214;18;1
TA51;50;15;EST-T;7;Yes;No;107;107;0;3494;27;2
TA52;50;15;EST-T;7;Yes;No;107;107;0;3538;28;2
TA53;50;15;EST-T;7;Yes;No;107;107;0;3371;24;2
TA54;50;15;EST-T;7;Yes;No;107;107;0;3629;28;2
TA55;50;15;EST-T;7;Yes;No;107;107;0;3459;29;2
TA56;50;15;EST-T;7;Yes;No;107;107;0;3582;29;2
TA57;50;15;EST-T;7;Yes;No;107;107;0;3532;20;2
TA58;50;15;EST-T;7;Yes;No;107;107;0;3528;22;2
TA59;50;15;EST-T;7;Yes;No;107;107;0;3287;24;2
TA60;50;15;EST-T;7;Yes;No;107;107;0;3249;19;1
TA51;50;15;EST-T;8;Yes;No;94;94;0;3656;32;2
TA52;50;15;EST-T;8;Yes;No;94;94;0;3460;26;2
TA53;50;15;EST-T;8;Yes;No;94;94;0;3332;23;2
TA54;50;15;EST-T;8;Yes;No;94;94;0;3524;24;2
TA55;50;15;EST-T;8;Yes;No;94;94;0;3373;26;2
TA56;50;15;EST-T;8;Yes;No;94;94;0;3643;31;2
TA57;50;15;EST-T;8;Yes;No;94;94;0;3606;23;2
TA58;50;15;EST-T;8;Yes;No;94;94;0;3739;30;2
TA59;50;15;EST-T;8;Yes;No;94;94;0;3441;30;2
TA60;50;15;EST-T;8;Yes;No;94;94;0;3327;22;2
TA51;50;15;EST-T;9;Yes;No;83;83;0;3551;29;2
TA52;50;15;EST-T;9;Yes;No;83;83;0;3430;24;2
TA53;50;15;EST-T;9;Yes;No;83;83;0;3329;23;2
TA54;50;15;EST-T;9;Yes;No;83;83;0;3391;19;1
TA55;50;15;EST-T;9;Yes;No;83;83;0;3455;29;2
TA56;50;15;EST-T;9;Yes;No;83;83;0;3470;25;2
TA57;50;15;EST-T;9;Yes;No;83;83;0;3554;21;2
TA58;50;15;EST-T;9;Yes;No;83;83;0;3551;23;2
TA59;50;15;EST-T;9;Yes;No;83;83;0;3426;29;2
TA60;50;15;EST-T;9;Yes;No;83;83;0;3268;20;2
TA51;50;15;EST-T;10;Yes;No;75;75;0;3634;32;2
TA52;50;15;EST-T;10;Yes;No;75;75;0;3440;25;2
TA53;50;15;EST-T;10;Yes;No;75;75;0;3285;21;2
TA54;50;15;EST-T;10;Yes;No;75;75;0;3286;16;1
TA55;50;15;EST-T;10;Yes;No;75;75;0;3473;30;2
TA56;50;15;EST-T;10;Yes;No;75;75;0;3451;24;2
TA57;50;15;EST-T;10;Yes;No;75;75;0;3575;21;2
TA58;50;15;EST-T;10;Yes;No;75;75;0;3588;24;2
TA59;50;15;EST-T;10;Yes;No;75;75;0;3424;29;2
TA60;50;15;EST-T;10;Yes;No;75;75;0;3208;18;1
TA51;50;15;MTWR-T;2;Yes;No;375;375;0;3562;29;2
TA52;50;15;MTWR-T;2;Yes;No;375;375;0;3426;24;2
TA53;50;15;MTWR-T;2;Yes;No;375;375;0;3243;19;1
TA54;50;15;MTWR-T;2;Yes;No;375;375;0;3203;13;1
TA55;50;15;MTWR-T;2;Yes;No;375;375;0;3480;30;2
TA56;50;15;MTWR-T;2;Yes;No;375;375;0;3300;19;1
TA57;50;15;MTWR-T;2;Yes;No;375;375;0;3453;17;1
TA58;50;15;MTWR-T;2;Yes;No;375;375;0;3636;26;2
TA59;50;15;MTWR-T;2;Yes;No;375;375;0;3252;22;2
TA60;50;15;MTWR-T;2;Yes;No;375;375;0;3241;19;1
TA51;50;15;MTWR-T;3;Yes;No;250;250;0;3785;37;2
TA52;50;15;MTWR-T;3;Yes;No;250;250;0;3404;24;2
TA53;50;15;MTWR-T;3;Yes;No;250;250;0;3274;21;2
TA54;50;15;MTWR-T;3;Yes;No;250;250;0;3376;19;1
TA55;50;15;MTWR-T;3;Yes;No;250;250;0;3578;34;2
TA56;50;15;MTWR-T;3;Yes;No;250;250;0;3442;24;2
TA57;50;15;MTWR-T;3;Yes;No;250;250;0;3519;20;1
TA58;50;15;MTWR-T;3;Yes;No;250;250;0;3486;21;2
TA59;50;15;MTWR-T;3;Yes;No;250;250;0;3292;24;2
TA60;50;15;MTWR-T;3;Yes;No;250;250;0;3246;19;1
TA51;50;15;MTWR-T;4;Yes;No;188;188;0;3657;33;2
TA52;50;15;MTWR-T;4;Yes;No;188;188;0;3542;29;2
TA53;50;15;MTWR-T;4;Yes;No;188;188;0;3277;21;2
TA54;50;15;MTWR-T;4;Yes;No;188;188;0;3353;18;1
TA55;50;15;MTWR-T;4;Yes;No;188;188;0;3481;30;2
TA56;50;15;MTWR-T;4;Yes;No;188;188;0;3309;19;1
TA57;50;15;MTWR-T;4;Yes;No;188;188;0;3701;26;2
TA58;50;15;MTWR-T;4;Yes;No;188;188;0;3507;22;2
TA59;50;15;MTWR-T;4;Yes;No;188;188;0;3505;32;2
TA60;50;15;MTWR-T;4;Yes;No;188;188;0;3197;17;1
TA51;50;15;MTWR-T;5;Yes;No;150;150;0;3701;34;2
TA52;50;15;MTWR-T;5;Yes;No;150;150;0;3618;31;2
TA53;50;15;MTWR-T;5;Yes;No;150;150;0;3178;17;1
TA54;50;15;MTWR-T;5;Yes;No;150;150;0;3386;19;1
TA55;50;15;MTWR-T;5;Yes;No;150;150;0;3399;27;2
TA56;50;15;MTWR-T;5;Yes;No;150;150;0;3311;19;1
TA57;50;15;MTWR-T;5;Yes;No;150;150;0;3614;23;2
TA58;50;15;MTWR-T;5;Yes;No;150;150;0;3592;25;2
TA59;50;15;MTWR-T;5;Yes;No;150;150;0;3525;33;2
TA60;50;15;MTWR-T;5;Yes;No;150;150;0;3312;22;2
TA51;50;15;MTWR-T;6;Yes;No;125;125;0;3557;29;2
TA52;50;15;MTWR-T;6;Yes;No;125;125;0;3535;28;2
TA53;50;15;MTWR-T;6;Yes;No;125;125;0;3206;18;1
TA54;50;15;MTWR-T;6;Yes;No;125;125;0;3378;19;1
TA55;50;15;MTWR-T;6;Yes;No;125;125;0;3371;26;2
TA56;50;15;MTWR-T;6;Yes;No;125;125;0;3346;20;2
TA57;50;15;MTWR-T;6;Yes;No;125;125;0;3397;15;1
TA58;50;15;MTWR-T;6;Yes;No;125;125;0;3562;23;2
TA59;50;15;MTWR-T;6;Yes;No;125;125;0;3502;32;2
TA60;50;15;MTWR-T;6;Yes;No;125;125;0;3543;30;2
TA51;50;15;MTWR-T;7;Yes;No;107;107;0;3633;32;2
TA52;50;15;MTWR-T;7;Yes;No;107;107;0;3551;29;2
TA53;50;15;MTWR-T;7;Yes;No;107;107;0;3352;23;2
TA54;50;15;MTWR-T;7;Yes;No;107;107;0;3311;17;1
TA55;50;15;MTWR-T;7;Yes;No;107;107;0;3493;30;2
TA56;50;15;MTWR-T;7;Yes;No;107;107;0;3348;20;2
TA57;50;15;MTWR-T;7;Yes;No;107;107;0;3515;19;1
TA58;50;15;MTWR-T;7;Yes;No;107;107;0;3606;25;2
TA59;50;15;MTWR-T;7;Yes;No;107;107;0;3367;27;2
TA60;50;15;MTWR-T;7;Yes;No;107;107;0;3247;19;1
TA51;50;15;MTWR-T;8;Yes;No;94;94;0;3602;31;2
TA52;50;15;MTWR-T;8;Yes;No;94;94;0;3517;28;2
TA53;50;15;MTWR-T;8;Yes;No;94;94;0;3325;22;2
TA54;50;15;MTWR-T;8;Yes;No;94;94;0;3349;18;1
TA55;50;15;MTWR-T;8;Yes;No;94;94;0;3415;27;2
TA56;50;15;MTWR-T;8;Yes;No;94;94;0;3381;22;2
TA57;50;15;MTWR-T;8;Yes;No;94;94;0;3503;19;1
TA58;50;15;MTWR-T;8;Yes;No;94;94;0;3650;27;2
TA59;50;15;MTWR-T;8;Yes;No;94;94;0;3386;28;2
TA60;50;15;MTWR-T;8;Yes;No;94;94;0;3232;19;1
TA51;50;15;MTWR-T;9;Yes;No;83;83;0;3616;31;2
TA52;50;15;MTWR-T;9;Yes;No;83;83;0;3418;24;2
TA53;50;15;MTWR-T;9;Yes;No;83;83;0;3326;22;2
TA54;50;15;MTWR-T;9;Yes;No;83;83;0;3301;16;1
TA55;50;15;MTWR-T;9;Yes;No;83;83;0;3414;27;2
TA56;50;15;MTWR-T;9;Yes;No;83;83;0;3484;25;2
TA57;50;15;MTWR-T;9;Yes;No;83;83;0;3496;19;1
TA58;50;15;MTWR-T;9;Yes;No;83;83;0;3509;22;2
TA59;50;15;MTWR-T;9;Yes;No;83;83;0;3273;23;2
TA60;50;15;MTWR-T;9;Yes;No;83;83;0;3431;26;2
TA51;50;15;MTWR-T;10;Yes;No;75;75;0;3624;31;2
TA52;50;15;MTWR-T;10;Yes;No;75;75;0;3593;30;2
TA53;50;15;MTWR-T;10;Yes;No;75;75;0;3299;21;2
TA54;50;15;MTWR-T;10;Yes;No;75;75;0;3326;17;1
TA55;50;15;MTWR-T;10;Yes;No;75;75;0;3403;27;2
TA56;50;15;MTWR-T;10;Yes;No;75;75;0;3356;21;2
TA57;50;15;MTWR-T;10;Yes;No;75;75;0;3476;18;1
TA58;50;15;MTWR-T;10;Yes;No;75;75;0;3533;22;2
TA59;50;15;MTWR-T;10;Yes;No;75;75;0;3388;28;2
TA60;50;15;MTWR-T;10;Yes;No;75;75;0;3575;31;2
TA51;50;15;EST-M;2;No;No;375;375;0;3147;14;1
TA52;50;15;EST-M;2;No;No;375;375;0;3183;15;1
TA53;50;15;EST-M;2;No;No;375;375;0;3042;12;1
TA54;50;15;EST-M;2;No;No;375;375;0;3080;8;1
TA55;50;15;EST-M;2;No;No;375;375;0;3153;18;1
TA56;50;15;EST-M;2;No;No;375;375;0;3149;13;1
TA57;50;15;EST-M;2;No;No;375;375;0;3358;14;1
TA58;50;15;EST-M;2;No;No;375;375;0;3195;11;1
TA59;50;15;EST-M;2;No;No;375;375;0;3038;14;1
TA60;50;15;EST-M;2;No;No;375;375;0;3152;16;1
TA51;50;15;EST-M;3;No;No;250;250;0;3035;10;1
TA52;50;15;EST-M;3;No;No;250;250;0;3095;12;1
TA53;50;15;EST-M;3;No;No;250;250;0;3005;11;1
TA54;50;15;EST-M;3;No;No;250;250;0;3001;6;1
TA55;50;15;EST-M;3;No;No;250;250;0;3015;13;1
TA56;50;15;EST-M;3;No;No;250;250;0;3345;20;2
TA57;50;15;EST-M;3;No;No;250;250;0;3180;8;1
TA58;50;15;EST-M;3;No;No;250;250;0;3224;12;1
TA59;50;15;EST-M;3;No;No;250;250;0;3021;14;1
TA60;50;15;EST-M;3;No;No;250;250;0;2917;7;1
TA51;50;15;EST-M;4;No;No;188;188;0;3001;9;1
TA52;50;15;EST-M;4;No;No;188;188;0;3031;10;1
TA53;50;15;EST-M;4;No;No;188;188;0;3012;11;1
TA54;50;15;EST-M;4;No;No;188;188;0;2958;4;1
TA55;50;15;EST-M;4;No;No;188;188;0;3123;17;1
TA56;50;15;EST-M;4;No;No;188;188;0;3231;16;1
TA57;50;15;EST-M;4;No;No;188;188;0;3506;19;1
TA58;50;15;EST-M;4;No;No;188;188;0;3146;9;1
TA59;50;15;EST-M;4;No;No;188;188;0;2981;12;1
TA60;50;15;EST-M;4;No;No;188;188;0;3118;15;1
TA51;50;15;EST-M;5;No;No;150;150;0;3073;11;1
TA52;50;15;EST-M;5;No;No;150;150;0;3026;10;1
TA53;50;15;EST-M;5;No;No;150;150;0;3114;15;1
TA54;50;15;EST-M;5;No;No;150;150;0;3197;13;1
TA55;50;15;EST-M;5;No;No;150;150;0;3028;13;1
TA56;50;15;EST-M;5;No;No;150;150;0;4196;51;3
TA57;50;15;EST-M;5;No;No;150;150;0;3404;16;1
TA58;50;15;EST-M;5;No;No;150;150;0;3122;8;1
TA59;50;15;EST-M;5;No;No;150;150;0;3017;14;1
TA60;50;15;EST-M;5;No;No;150;150;0;2959;9;1
TA51;50;15;EST-M;6;No;No;125;125;0;3209;16;1
TA52;50;15;EST-M;6;No;No;125;125;0;3184;16;1
TA53;50;15;EST-M;6;No;No;125;125;0;3174;17;1
TA54;50;15;EST-M;6;No;No;125;125;0;3198;13;1
TA55;50;15;EST-M;6;No;No;125;125;0;3099;16;1
TA56;50;15;EST-M;6;No;No;125;125;0;3417;23;2
TA57;50;15;EST-M;6;No;No;125;125;0;3429;17;1
TA58;50;15;EST-M;6;No;No;125;125;0;3279;14;1
TA59;50;15;EST-M;6;No;No;125;125;0;3170;19;1
TA60;50;15;EST-M;6;No;No;125;125;0;3094;14;1
TA51;50;15;EST-M;7;No;No;107;107;0;3321;20;2
TA52;50;15;EST-M;7;No;No;107;107;0;3294;20;1
TA53;50;15;EST-M;7;No;No;107;107;0;3297;21;2
TA54;50;15;EST-M;7;No;No;107;107;0;3432;21;2
TA55;50;15;EST-M;7;No;No;107;107;0;3294;23;2
TA56;50;15;EST-M;7;No;No;107;107;0;3411;23;2
TA57;50;15;EST-M;7;No;No;107;107;0;3605;22;2
TA58;50;15;EST-M;7;No;No;107;107;0;3365;17;1
TA59;50;15;EST-M;7;No;No;107;107;0;3338;26;2
TA60;50;15;EST-M;7;No;No;107;107;0;3148;16;1
TA51;50;15;EST-M;8;No;No;94;94;0;3289;19;1
TA52;50;15;EST-M;8;No;No;94;94;0;3264;18;1
TA53;50;15;EST-M;8;No;No;94;94;0;3434;26;2
TA54;50;15;EST-M;8;No;No;94;94;0;3456;22;2
TA55;50;15;EST-M;8;No;No;94;94;0;3312;24;2
TA56;50;15;EST-M;8;No;No;94;94;0;3423;23;2
TA57;50;15;EST-M;8;No;No;94;94;0;3778;28;2
TA58;50;15;EST-M;8;No;No;94;94;0;3332;15;1
TA59;50;15;EST-M;8;No;No;94;94;0;3245;22;2
TA60;50;15;EST-M;8;No;No;94;94;0;3252;19;1
TA51;50;15;EST-M;9;No;No;83;83;0;3521;28;2
TA52;50;15;EST-M;9;No;No;83;83;0;3416;24;2
TA53;50;15;EST-M;9;No;No;83;83;0;3430;26;2
TA54;50;15;EST-M;9;No;No;83;83;0;3470;22;2
TA55;50;15;EST-M;9;No;No;83;83;0;3542;32;2
TA56;50;15;EST-M;9;No;No;83;83;0;3522;27;2
TA57;50;15;EST-M;9;No;No;83;83;0;3775;28;2
TA58;50;15;EST-M;9;No;No;83;83;0;3593;25;2
TA59;50;15;EST-M;9;No;No;83;83;0;3326;25;2
TA60;50;15;EST-M;9;No;No;83;83;0;3355;23;2
TA51;50;15;EST-M;10;No;No;75;75;0;3434;24;2
TA52;50;15;EST-M;10;No;No;75;75;0;3665;33;2
TA53;50;15;EST-M;10;No;No;75;75;0;3564;31;2
TA54;50;15;EST-M;10;No;No;75;75;0;3533;24;2
TA55;50;15;EST-M;10;No;No;75;75;0;3517;31;2
TA56;50;15;EST-M;10;No;No;75;75;0;3552;28;2
TA57;50;15;EST-M;10;No;No;75;75;0;3629;23;2
TA58;50;15;EST-M;10;No;No;75;75;0;3552;23;2
TA59;50;15;EST-M;10;No;No;75;75;0;3467;31;2
TA60;50;15;EST-M;10;No;No;75;75;0;3336;23;2
TA51;50;15;MTWR-M;2;No;No;375;375;0;3144;14;1
TA52;50;15;MTWR-M;2;No;No;375;375;0;3197;16;1
TA53;50;15;MTWR-M;2;No;No;375;375;0;3056;12;1
TA54;50;15;MTWR-M;2;No;No;375;375;0;3124;10;1
TA55;50;15;MTWR-M;2;No;No;375;375;0;3137;17;1
TA56;50;15;MTWR-M;2;No;No;375;375;0;3151;13;1
TA57;50;15;MTWR-M;2;No;No;375;375;0;3266;11;1
TA58;50;15;MTWR-M;2;No;No;375;375;0;3223;12;1
TA59;50;15;MTWR-M;2;No;No;375;375;0;3068;16;1
TA60;50;15;MTWR-M;2;No;No;375;375;0;3158;16;1
TA51;50;15;MTWR-M;3;No;No;250;250;0;3045;10;1
TA52;50;15;MTWR-M;3;No;No;250;250;0;3113;13;1
TA53;50;15;MTWR-M;3;No;No;250;250;0;2925;8;1
TA54;50;15;MTWR-M;3;No;No;250;250;0;2963;4;1
TA55;50;15;MTWR-M;3;No;No;250;250;0;3005;12;1
TA56;50;15;MTWR-M;3;No;No;250;250;0;3180;14;1
TA57;50;15;MTWR-M;3;No;No;250;250;0;3338;13;1
TA58;50;15;MTWR-M;3;No;No;250;250;0;3163;10;1
TA59;50;15;MTWR-M;3;No;No;250;250;0;2882;9;1
TA60;50;15;MTWR-M;3;No;No;250;250;0;2989;10;1
TA51;50;15;MTWR-M;4;No;No;188;188;0;3029;10;1
TA52;50;15;MTWR-M;4;No;No;188;188;0;3146;14;1
TA53;50;15;MTWR-M;4;No;No;188;188;0;3006;11;1
TA54;50;15;MTWR-M;4;No;No;188;188;0;3089;9;1
TA55;50;15;MTWR-M;4;No;No;188;188;0;2928;9;1
TA56;50;15;MTWR-M;4;No;No;188;188;0;3116;12;1
TA57;50;15;MTWR-M;4;No;No;188;188;0;3228;10;1
TA58;50;15;MTWR-M;4;No;No;188;188;0;3314;15;1
TA59;50;15;MTWR-M;4;No;No;188;188;0;2941;11;1
TA60;50;15;MTWR-M;4;No;No;188;188;0;3034;11;1
TA51;50;15;MTWR-M;5;No;No;150;150;0;3137;14;1
TA52;50;15;MTWR-M;5;No;No;150;150;0;3286;19;1
TA53;50;15;MTWR-M;5;No;No;150;150;0;3000;10;1
TA54;50;15;MTWR-M;5;No;No;150;150;0;2949;4;1
TA55;50;15;MTWR-M;5;No;No;150;150;0;3155;18;1
TA56;50;15;MTWR-M;5;No;No;150;150;0;3320;19;1
TA57;50;15;MTWR-M;5;No;No;150;150;0;3455;17;1
TA58;50;15;MTWR-M;5;No;No;150;150;0;3193;11;1
TA59;50;15;MTWR-M;5;No;No;150;150;0;3105;17;1
TA60;50;15;MTWR-M;5;No;No;150;150;0;3116;14;1
TA51;50;15;MTWR-M;6;No;No;125;125;0;3251;18;1
TA52;50;15;MTWR-M;6;No;No;125;125;0;3355;22;2
TA53;50;15;MTWR-M;6;No;No;125;125;0;3068;13;1
TA54;50;15;MTWR-M;6;No;No;125;125;0;3052;8;1
TA55;50;15;MTWR-M;6;No;No;125;125;0;3140;17;1
TA56;50;15;MTWR-M;6;No;No;125;125;0;3311;19;1
TA57;50;15;MTWR-M;6;No;No;125;125;0;3403;16;1
TA58;50;15;MTWR-M;6;No;No;125;125;0;3295;14;1
TA59;50;15;MTWR-M;6;No;No;125;125;0;3064;15;1
TA60;50;15;MTWR-M;6;No;No;125;125;0;3149;16;1
TA51;50;15;MTWR-M;7;No;No;107;107;0;3261;18;1
TA52;50;15;MTWR-M;7;No;No;107;107;0;3371;22;2
TA53;50;15;MTWR-M;7;No;No;107;107;0;3088;14;1
TA54;50;15;MTWR-M;7;No;No;107;107;0;3160;11;1
TA55;50;15;MTWR-M;7;No;No;107;107;0;3310;24;2
TA56;50;15;MTWR-M;7;No;No;107;107;0;3158;14;1
TA57;50;15;MTWR-M;7;No;No;107;107;0;3544;20;2
TA58;50;15;MTWR-M;7;No;No;107;107;0;3329;15;1
TA59;50;15;MTWR-M;7;No;No;107;107;0;3100;17;1
TA60;50;15;MTWR-M;7;No;No;107;107;0;3527;30;2
TA51;50;15;MTWR-M;8;No;No;94;94;0;3369;22;2
TA52;50;15;MTWR-M;8;No;No;94;94;0;3379;23;2
TA53;50;15;MTWR-M;8;No;No;94;94;0;3155;16;1
TA54;50;15;MTWR-M;8;No;No;94;94;0;3601;27;2
TA55;50;15;MTWR-M;8;No;No;94;94;0;3227;20;2
TA56;50;15;MTWR-M;8;No;No;94;94;0;3436;24;2
TA57;50;15;MTWR-M;8;No;No;94;94;0;3485;18;1
TA58;50;15;MTWR-M;8;No;No;94;94;0;3401;18;1
TA59;50;15;MTWR-M;8;No;No;94;94;0;3325;25;2
TA60;50;15;MTWR-M;8;No;No;94;94;0;3352;23;2
TA51;50;15;MTWR-M;9;No;No;83;83;0;3457;25;2
TA52;50;15;MTWR-M;9;No;No;83;83;0;3343;21;2
TA53;50;15;MTWR-M;9;No;No;83;83;0;3291;21;2
TA54;50;15;MTWR-M;9;No;No;83;83;0;3256;15;1
TA55;50;15;MTWR-M;9;No;No;83;83;0;3330;24;2
TA56;50;15;MTWR-M;9;No;No;83;83;0;3424;23;2
TA57;50;15;MTWR-M;9;No;No;83;83;0;3483;18;1
TA58;50;15;MTWR-M;9;No;No;83;83;0;3430;19;1
TA59;50;15;MTWR-M;9;No;No;83;83;0;3317;25;2
TA60;50;15;MTWR-M;9;No;No;83;83;0;3445;27;2
TA51;50;15;MTWR-M;10;No;No;75;75;0;3520;28;2
TA52;50;15;MTWR-M;10;No;No;75;75;0;3521;28;2
TA53;50;15;MTWR-M;10;No;No;75;75;0;3259;20;1
TA54;50;15;MTWR-M;10;No;No;75;75;0;3230;14;1
TA55;50;15;MTWR-M;10;No;No;75;75;0;3451;29;2
TA56;50;15;MTWR-M;10;No;No;75;75;0;3480;25;2
TA57;50;15;MTWR-M;10;No;No;75;75;0;3665;25;2
TA58;50;15;MTWR-M;10;No;No;75;75;0;3504;21;2
TA59;50;15;MTWR-M;10;No;No;75;75;0;3472;31;2
TA60;50;15;MTWR-M;10;No;No;75;75;0;3423;26;2
TA51;50;15;EST-T;2;No;No;375;375;0;3442;25;2
TA52;50;15;EST-T;2;No;No;375;375;0;3750;36;2
TA53;50;15;EST-T;2;No;No;375;375;0;3497;29;2
TA54;50;15;EST-T;2;No;No;375;375;0;3489;23;2
TA55;50;15;EST-T;2;No;No;375;375;0;3439;28;2
TA56;50;15;EST-T;2;No;No;375;375;0;3471;25;2
TA57;50;15;EST-T;2;No;No;375;375;0;3779;28;2
TA58;50;15;EST-T;2;No;No;375;375;0;3777;31;2
TA59;50;15;EST-T;2;No;No;375;375;0;3385;27;2
TA60;50;15;EST-T;2;No;No;375;375;0;3219;18;1
TA51;50;15;EST-T;3;No;No;250;250;0;3843;39;2
TA52;50;15;EST-T;3;No;No;250;250;0;3613;31;2
TA53;50;15;EST-T;3;No;No;250;250;0;3566;31;2
TA54;50;15;EST-T;3;No;No;250;250;0;3433;21;2
TA55;50;15;EST-T;3;No;No;250;250;0;3745;40;2
TA56;50;15;EST-T;3;No;No;250;250;0;3583;29;2
TA57;50;15;EST-T;3;No;No;250;250;0;3665;25;2
TA58;50;15;EST-T;3;No;No;250;250;0;3787;31;2
TA59;50;15;EST-T;3;No;No;250;250;0;3642;37;2
TA60;50;15;EST-T;3;No;No;250;250;0;3338;23;2
TA51;50;15;EST-T;4;No;No;188;188;0;4049;47;2
TA52;50;15;EST-T;4;No;No;188;188;0;3850;40;2
TA53;50;15;EST-T;4;No;No;188;188;0;3618;33;2
TA54;50;15;EST-T;4;No;No;188;188;0;3766;33;2
TA55;50;15;EST-T;4;No;No;188;188;0;3878;45;2
TA56;50;15;EST-T;4;No;No;188;188;0;4117;48;2
TA57;50;15;EST-T;4;No;No;188;188;0;4199;43;2
TA58;50;15;EST-T;4;No;No;188;188;0;3765;31;2
TA59;50;15;EST-T;4;No;No;188;188;0;4032;52;3
TA60;50;15;EST-T;4;No;No;188;188;0;3426;26;2
TA51;50;15;EST-T;5;No;No;150;150;0;3956;43;2
TA52;50;15;EST-T;5;No;No;150;150;0;4022;46;2
TA53;50;15;EST-T;5;No;No;150;150;0;3803;40;2
TA54;50;15;EST-T;5;No;No;150;150;0;3732;31;2
TA55;50;15;EST-T;5;No;No;150;150;0;4046;51;3
TA56;50;15;EST-T;5;No;No;150;150;0;4069;46;2
TA57;50;15;EST-T;5;No;No;150;150;0;4096;39;2
TA58;50;15;EST-T;5;No;No;150;150;0;3826;33;2
TA59;50;15;EST-T;5;No;No;150;150;0;3909;47;2
TA60;50;15;EST-T;5;No;No;150;150;0;3622;33;2
TA51;50;15;EST-T;6;No;No;125;125;0;4047;47;2
TA52;50;15;EST-T;6;No;No;125;125;0;4147;50;3
TA53;50;15;EST-T;6;No;No;125;125;0;3916;44;2
TA54;50;15;EST-T;6;No;No;125;125;0;3925;38;2
TA55;50;15;EST-T;6;No;No;125;125;0;4029;50;3
TA56;50;15;EST-T;6;No;No;125;125;0;4465;61;3
TA57;50;15;EST-T;6;No;No;125;125;0;3985;35;2
TA58;50;15;EST-T;6;No;No;125;125;0;4084;42;2
TA59;50;15;EST-T;6;No;No;125;125;0;4193;58;3
TA60;50;15;EST-T;6;No;No;125;125;0;3644;34;2
TA51;50;15;EST-T;7;No;No;107;107;0;4368;58;3
TA52;50;15;EST-T;7;No;No;107;107;0;4221;53;3
TA53;50;15;EST-T;7;No;No;107;107;0;3814;40;2
TA54;50;15;EST-T;7;No;No;107;107;0;3961;40;2
TA55;50;15;EST-T;7;No;No;107;107;0;3943;47;2
TA56;50;15;EST-T;7;No;No;107;107;0;4239;52;3
TA57;50;15;EST-T;7;No;No;107;107;0;4069;38;2
TA58;50;15;EST-T;7;No;No;107;107;0;4117;43;2
TA59;50;15;EST-T;7;No;No;107;107;0;4100;54;3
TA60;50;15;EST-T;7;No;No;107;107;0;3811;40;2
TA51;50;15;EST-T;8;No;No;94;94;0;4405;60;3
TA52;50;15;EST-T;8;No;No;94;94;0;4168;51;3
TA53;50;15;EST-T;8;No;No;94;94;0;4091;51;3
TA54;50;15;EST-T;8;No;No;94;94;0;4127;45;2
TA55;50;15;EST-T;8;No;No;94;94;0;4147;55;3
TA56;50;15;EST-T;8;No;No;94;94;0;4569;64;3
TA57;50;15;EST-T;8;No;No;94;94;0;4525;54;3
TA58;50;15;EST-T;8;No;No;94;94;0;4228;47;2
TA59;50;15;EST-T;8;No;No;94;94;0;4371;65;3
TA60;50;15;EST-T;8;No;No;94;94;0;4059;49;2
TA51;50;15;EST-T;9;No;No;83;83;0;4285;55;3
TA52;50;15;EST-T;9;No;No;83;83;0;4143;50;3
TA53;50;15;EST-T;9;No;No;83;83;0;4056;49;2
TA54;50;15;EST-T;9;No;No;83;83;0;4005;41;2
TA55;50;15;EST-T;9;No;No;83;83;0;4307;61;3
TA56;50;15;EST-T;9;No;No;83;83;0;4313;55;3
TA57;50;15;EST-T;9;No;No;83;83;0;4297;46;2
TA58;50;15;EST-T;9;No;No;83;83;0;4212;46;2
TA59;50;15;EST-T;9;No;No;83;83;0;4133;56;3
TA60;50;15;EST-T;9;No;No;83;83;0;3713;36;2
TA51;50;15;EST-T;10;No;No;75;75;0;4269;55;3
TA52;50;15;EST-T;10;No;No;75;75;0;4256;54;3
TA53;50;15;EST-T;10;No;No;75;75;0;4065;50;2
TA54;50;15;EST-T;10;No;No;75;75;0;4079;44;2
TA55;50;15;EST-T;10;No;No;75;75;0;4336;62;3
TA56;50;15;EST-T;10;No;No;75;75;0;4147;49;2
TA57;50;15;EST-T;10;No;No;75;75;0;3960;35;2
TA58;50;15;EST-T;10;No;No;75;75;0;4109;42;2
TA59;50;15;EST-T;10;No;No;75;75;0;4227;59;3
TA60;50;15;EST-T;10;No;No;75;75;0;3825;40;2
TA51;50;15;MTWR-T;2;No;No;375;375;0;3622;31;2
TA52;50;15;MTWR-T;2;No;No;375;375;0;3581;30;2
TA53;50;15;MTWR-T;2;No;No;375;375;0;3243;19;1
TA54;50;15;MTWR-T;2;No;No;375;375;0;3239;14;1
TA55;50;15;MTWR-T;2;No;No;375;375;0;3456;29;2
TA56;50;15;MTWR-T;2;No;No;375;375;0;3441;24;2
TA57;50;15;MTWR-T;2;No;No;375;375;0;3653;24;2
TA58;50;15;MTWR-T;2;No;No;375;375;0;3706;28;2
TA59;50;15;MTWR-T;2;No;No;375;375;0;3348;26;2
TA60;50;15;MTWR-T;2;No;No;375;375;0;3273;20;2
TA51;50;15;MTWR-T;3;No;No;250;250;0;3931;42;2
TA52;50;15;MTWR-T;3;No;No;250;250;0;3693;34;2
TA53;50;15;MTWR-T;3;No;No;250;250;0;3416;26;2
TA54;50;15;MTWR-T;3;No;No;250;250;0;3673;29;2
TA55;50;15;MTWR-T;3;No;No;250;250;0;3606;35;2
TA56;50;15;MTWR-T;3;No;No;250;250;0;3897;40;2
TA57;50;15;MTWR-T;3;No;No;250;250;0;3622;23;2
TA58;50;15;MTWR-T;3;No;No;250;250;0;3746;30;2
TA59;50;15;MTWR-T;3;No;No;250;250;0;3644;37;2
TA60;50;15;MTWR-T;3;No;No;250;250;0;3506;29;2
TA51;50;15;MTWR-T;4;No;No;188;188;0;3900;41;2
TA52;50;15;MTWR-T;4;No;No;188;188;0;3898;41;2
TA53;50;15;MTWR-T;4;No;No;188;188;0;3788;39;2
TA54;50;15;MTWR-T;4;No;No;188;188;0;3738;32;2
TA55;50;15;MTWR-T;4;No;No;188;188;0;4033;51;3
TA56;50;15;MTWR-T;4;No;No;188;188;0;3772;36;2
TA57;50;15;MTWR-T;4;No;No;188;188;0;3834;30;2
TA58;50;15;MTWR-T;4;No;No;188;188;0;3820;32;2
TA59;50;15;MTWR-T;4;No;No;188;188;0;3721;40;2
TA60;50;15;MTWR-T;4;No;No;188;188;0;3656;34;2
TA51;50;15;MTWR-T;5;No;No;150;150;0;4109;49;2
TA52;50;15;MTWR-T;5;No;No;150;150;0;4110;49;2
TA53;50;15;MTWR-T;5;No;No;150;150;0;3631;34;2
TA54;50;15;MTWR-T;5;No;No;150;150;0;4237;49;2
TA55;50;15;MTWR-T;5;No;No;150;150;0;4160;55;3
TA56;50;15;MTWR-T;5;No;No;150;150;0;3918;41;2
TA57;50;15;MTWR-T;5;No;No;150;150;0;4033;37;2
TA58;50;15;MTWR-T;5;No;No;150;150;0;4283;48;2
TA59;50;15;MTWR-T;5;No;No;150;150;0;3946;49;2
TA60;50;15;MTWR-T;5;No;No;150;150;0;4006;47;2
TA51;50;15;MTWR-T;6;No;No;125;125;0;4002;45;2
TA52;50;15;MTWR-T;6;No;No;125;125;0;4525;64;3
TA53;50;15;MTWR-T;6;No;No;125;125;0;3537;30;2
TA54;50;15;MTWR-T;6;No;No;125;125;0;3906;38;2
TA55;50;15;MTWR-T;6;No;No;125;125;0;4381;64;3
TA56;50;15;MTWR-T;6;No;No;125;125;0;4075;47;2
TA57;50;15;MTWR-T;6;No;No;125;125;0;3868;31;2
TA58;50;15;MTWR-T;6;No;No;125;125;0;3869;34;2
TA59;50;15;MTWR-T;6;No;No;125;125;0;3862;45;2
TA60;50;15;MTWR-T;6;No;No;125;125;0;4102;51;3
TA51;50;15;MTWR-T;7;No;No;107;107;0;4005;45;2
TA52;50;15;MTWR-T;7;No;No;107;107;0;4537;65;3
TA53;50;15;MTWR-T;7;No;No;107;107;0;3728;37;2
TA54;50;15;MTWR-T;7;No;No;107;107;0;3898;37;2
TA55;50;15;MTWR-T;7;No;No;107;107;0;4005;49;2
TA56;50;15;MTWR-T;7;No;No;107;107;0;4024;45;2
TA57;50;15;MTWR-T;7;No;No;107;107;0;4157;41;2
TA58;50;15;MTWR-T;7;No;No;107;107;0;4280;48;2
TA59;50;15;MTWR-T;7;No;No;107;107;0;4196;58;3
TA60;50;15;MTWR-T;7;No;No;107;107;0;4004;47;2
TA51;50;15;MTWR-T;8;No;No;94;94;0;4482;62;3
TA52;50;15;MTWR-T;8;No;No;94;94;0;4182;52;3
TA53;50;15;MTWR-T;8;No;No;94;94;0;3839;41;2
TA54;50;15;MTWR-T;8;No;No;94;94;0;3998;41;2
TA55;50;15;MTWR-T;8;No;No;94;94;0;3935;47;2
TA56;50;15;MTWR-T;8;No;No;94;94;0;4496;62;3
TA57;50;15;MTWR-T;8;No;No;94;94;0;4368;48;2
TA58;50;15;MTWR-T;8;No;No;94;94;0;4353;51;3
TA59;50;15;MTWR-T;8;No;No;94;94;0;4167;57;3
TA60;50;15;MTWR-T;8;No;No;94;94;0;4391;61;3
TA51;50;15;MTWR-T;9;No;No;83;83;0;4108;49;2
TA52;50;15;MTWR-T;9;No;No;83;83;0;4508;64;3
TA53;50;15;MTWR-T;9;No;No;83;83;0;4008;48;2
TA54;50;15;MTWR-T;9;No;No;83;83;0;3919;38;2
TA55;50;15;MTWR-T;9;No;No;83;83;0;4107;53;3
TA56;50;15;MTWR-T;9;No;No;83;83;0;4526;63;3
TA57;50;15;MTWR-T;9;No;No;83;83;0;4306;46;2
TA58;50;15;MTWR-T;9;No;No;83;83;0;4462;55;3
TA59;50;15;MTWR-T;9;No;No;83;83;0;3927;48;2
TA60;50;15;MTWR-T;9;No;No;83;83;0;4205;54;3
TA51;50;15;MTWR-T;10;No;No;75;75;0;4162;51;3
TA52;50;15;MTWR-T;10;No;No;75;75;0;4404;60;3
TA53;50;15;MTWR-T;10;No;No;75;75;0;4027;48;2
TA54;50;15;MTWR-T;10;No;No;75;75;0;3955;39;2
TA55;50;15;MTWR-T;10;No;No;75;75;0;4233;58;3
TA56;50;15;MTWR-T;10;No;No;75;75;0;4402;58;3
TA57;50;15;MTWR-T;10;No;No;75;75;0;4179;42;2
TA58;50;15;MTWR-T;10;No;No;75;75;0;4589;59;3
TA59;50;15;MTWR-T;10;No;No;75;75;0;3962;49;2
TA60;50;15;MTWR-T;10;No;No;75;75;0;4311;58;3
TA51;50;15;EST-M;3;Yes;10.00%;275;250;25;2962;7;1
TA52;50;15;EST-M;3;Yes;10.00%;275;250;25;3004;9;1
TA53;50;15;EST-M;3;Yes;10.00%;275;250;25;2873;6;1
TA54;50;15;EST-M;3;Yes;10.00%;275;250;25;2931;3;1
TA55;50;15;EST-M;3;Yes;10.00%;275;250;25;2956;10;1
TA56;50;15;EST-M;3;Yes;10.00%;275;250;25;3087;11;1
TA57;50;15;EST-M;3;Yes;10.00%;275;250;25;3149;7;1
TA58;50;15;EST-M;3;Yes;10.00%;275;250;25;3096;7;1
TA59;50;15;EST-M;3;Yes;10.00%;275;250;25;2963;12;1
TA60;50;15;EST-M;3;Yes;10.00%;275;250;25;2859;5;1
TA51;50;15;EST-M;3;Yes;20.00%;300;250;50;2950;7;1
TA52;50;15;EST-M;3;Yes;20.00%;300;250;50;3011;9;1
TA53;50;15;EST-M;3;Yes;20.00%;300;250;50;2886;6;1
TA54;50;15;EST-M;3;Yes;20.00%;300;250;50;2932;3;1
TA55;50;15;EST-M;3;Yes;20.00%;300;250;50;2968;11;1
TA56;50;15;EST-M;3;Yes;20.00%;300;250;50;3117;12;1
TA57;50;15;EST-M;3;Yes;20.00%;300;250;50;3154;7;1
TA58;50;15;EST-M;3;Yes;20.00%;300;250;50;3105;8;1
TA59;50;15;EST-M;3;Yes;20.00%;300;250;50;2944;11;1
TA60;50;15;EST-M;3;Yes;20.00%;300;250;50;2894;6;1
TA51;50;15;EST-M;3;Yes;30.00%;325;250;75;3007;9;1
TA52;50;15;EST-M;3;Yes;30.00%;325;250;75;3058;11;1
TA53;50;15;EST-M;3;Yes;30.00%;325;250;75;2911;7;1
TA54;50;15;EST-M;3;Yes;30.00%;325;250;75;2948;4;1
TA55;50;15;EST-M;3;Yes;30.00%;325;250;75;3031;13;1
TA56;50;15;EST-M;3;Yes;30.00%;325;250;75;3122;12;1
TA57;50;15;EST-M;3;Yes;30.00%;325;250;75;3187;8;1
TA58;50;15;EST-M;3;Yes;30.00%;325;250;75;3124;8;1
TA59;50;15;EST-M;3;Yes;30.00%;325;250;75;2968;12;1
TA60;50;15;EST-M;3;Yes;30.00%;325;250;75;2957;9;1
TA51;50;15;EST-M;4;Yes;10.00%;206;188;19;2893;5;1
TA52;50;15;EST-M;4;Yes;10.00%;206;188;19;2967;8;1
TA53;50;15;EST-M;4;Yes;10.00%;206;188;19;2855;5;1
TA54;50;15;EST-M;4;Yes;10.00%;206;188;19;2873;1;1
TA55;50;15;EST-M;4;Yes;10.00%;206;188;19;2924;9;1
TA56;50;15;EST-M;4;Yes;10.00%;206;188;19;3094;11;1
TA57;50;15;EST-M;4;Yes;10.00%;206;188;19;3240;10;1
TA58;50;15;EST-M;4;Yes;10.00%;206;188;19;3043;5;1
TA59;50;15;EST-M;4;Yes;10.00%;206;188;19;2895;9;1
TA60;50;15;EST-M;4;Yes;10.00%;206;188;19;2918;7;1
TA51;50;15;EST-M;4;Yes;20.00%;225;188;38;2895;5;1
TA52;50;15;EST-M;4;Yes;20.00%;225;188;38;2960;7;1
TA53;50;15;EST-M;4;Yes;20.00%;225;188;38;2876;6;1
TA54;50;15;EST-M;4;Yes;20.00%;225;188;38;2868;1;1
TA55;50;15;EST-M;4;Yes;20.00%;225;188;38;2928;9;1
TA56;50;15;EST-M;4;Yes;20.00%;225;188;38;3036;9;1
TA57;50;15;EST-M;4;Yes;20.00%;225;188;38;3241;10;1
TA58;50;15;EST-M;4;Yes;20.00%;225;188;38;3005;4;1
TA59;50;15;EST-M;4;Yes;20.00%;225;188;38;2834;7;1
TA60;50;15;EST-M;4;Yes;20.00%;225;188;38;2879;6;1
TA51;50;15;EST-M;4;Yes;30.00%;244;188;56;2883;4;1
TA52;50;15;EST-M;4;Yes;30.00%;244;188;56;2957;7;1
TA53;50;15;EST-M;4;Yes;30.00%;244;188;56;2878;6;1
TA54;50;15;EST-M;4;Yes;30.00%;244;188;56;2862;1;1
TA55;50;15;EST-M;4;Yes;30.00%;244;188;56;2927;9;1
TA56;50;15;EST-M;4;Yes;30.00%;244;188;56;3066;10;1
TA57;50;15;EST-M;4;Yes;30.00%;244;188;56;3122;6;1
TA58;50;15;EST-M;4;Yes;30.00%;244;188;56;3020;5;1
TA59;50;15;EST-M;4;Yes;30.00%;244;188;56;2849;7;1
TA60;50;15;EST-M;4;Yes;30.00%;244;188;56;2867;5;1
TA51;50;15;EST-M;5;Yes;10.00%;165;150;15;3053;11;1
TA52;50;15;EST-M;5;Yes;10.00%;165;150;15;2977;8;1
TA53;50;15;EST-M;5;Yes;10.00%;165;150;15;2913;7;1
TA54;50;15;EST-M;5;Yes;10.00%;165;150;15;2967;5;1
TA55;50;15;EST-M;5;Yes;10.00%;165;150;15;2888;8;1
TA56;50;15;EST-M;5;Yes;10.00%;165;150;15;3174;14;1
TA57;50;15;EST-M;5;Yes;10.00%;165;150;15;3235;10;1
TA58;50;15;EST-M;5;Yes;10.00%;165;150;15;3073;7;1
TA59;50;15;EST-M;5;Yes;10.00%;165;150;15;2969;12;1
TA60;50;15;EST-M;5;Yes;10.00%;165;150;15;2884;6;1
TA51;50;15;EST-M;5;Yes;20.00%;180;150;30;3057;11;1
TA52;50;15;EST-M;5;Yes;20.00%;180;150;30;2978;8;1
TA53;50;15;EST-M;5;Yes;20.00%;180;150;30;2920;7;1
TA54;50;15;EST-M;5;Yes;20.00%;180;150;30;2948;4;1
TA55;50;15;EST-M;5;Yes;20.00%;180;150;30;2891;8;1
TA56;50;15;EST-M;5;Yes;20.00%;180;150;30;3149;13;1
TA57;50;15;EST-M;5;Yes;20.00%;180;150;30;3133;6;1
TA58;50;15;EST-M;5;Yes;20.00%;180;150;30;3036;5;1
TA59;50;15;EST-M;5;Yes;20.00%;180;150;30;2823;6;1
TA60;50;15;EST-M;5;Yes;20.00%;180;150;30;2907;7;1
TA51;50;15;EST-M;5;Yes;30.00%;195;150;45;3006;9;1
TA52;50;15;EST-M;5;Yes;30.00%;195;150;45;2990;8;1
TA53;50;15;EST-M;5;Yes;30.00%;195;150;45;2876;6;1
TA54;50;15;EST-M;5;Yes;30.00%;195;150;45;2947;4;1
TA55;50;15;EST-M;5;Yes;30.00%;195;150;45;2883;8;1
TA56;50;15;EST-M;5;Yes;30.00%;195;150;45;3090;11;1
TA57;50;15;EST-M;5;Yes;30.00%;195;150;45;3134;6;1
TA58;50;15;EST-M;5;Yes;30.00%;195;150;45;3062;6;1
TA59;50;15;EST-M;5;Yes;30.00%;195;150;45;2851;7;1
TA60;50;15;EST-M;5;Yes;30.00%;195;150;45;2862;5;1
TA51;50;15;MTWR-M;3;Yes;10.00%;275;250;25;2929;6;1
TA52;50;15;MTWR-M;3;Yes;10.00%;275;250;25;3045;10;1
TA53;50;15;MTWR-M;3;Yes;10.00%;275;250;25;2836;4;1
TA54;50;15;MTWR-M;3;Yes;10.00%;275;250;25;2920;3;1
TA55;50;15;MTWR-M;3;Yes;10.00%;275;250;25;2955;10;1
TA56;50;15;MTWR-M;3;Yes;10.00%;275;250;25;3051;10;1
TA57;50;15;MTWR-M;3;Yes;10.00%;275;250;25;3171;8;1
TA58;50;15;MTWR-M;3;Yes;10.00%;275;250;25;3091;7;1
TA59;50;15;MTWR-M;3;Yes;10.00%;275;250;25;2873;8;1
TA60;50;15;MTWR-M;3;Yes;10.00%;275;250;25;2981;9;1
TA51;50;15;MTWR-M;3;Yes;20.00%;300;250;50;2942;7;1
TA52;50;15;MTWR-M;3;Yes;20.00%;300;250;50;3017;9;1
TA53;50;15;MTWR-M;3;Yes;20.00%;300;250;50;2840;5;1
TA54;50;15;MTWR-M;3;Yes;20.00%;300;250;50;2931;3;1
TA55;50;15;MTWR-M;3;Yes;20.00%;300;250;50;2952;10;1
TA56;50;15;MTWR-M;3;Yes;20.00%;300;250;50;3088;11;1
TA57;50;15;MTWR-M;3;Yes;20.00%;300;250;50;3214;9;1
TA58;50;15;MTWR-M;3;Yes;20.00%;300;250;50;3097;7;1
TA59;50;15;MTWR-M;3;Yes;20.00%;300;250;50;2894;9;1
TA60;50;15;MTWR-M;3;Yes;20.00%;300;250;50;2979;9;1
TA51;50;15;MTWR-M;3;Yes;30.00%;325;250;75;3039;10;1
TA52;50;15;MTWR-M;3;Yes;30.00%;325;250;75;3056;11;1
TA53;50;15;MTWR-M;3;Yes;30.00%;325;250;75;2877;6;1
TA54;50;15;MTWR-M;3;Yes;30.00%;325;250;75;2969;5;1
TA55;50;15;MTWR-M;3;Yes;30.00%;325;250;75;2983;11;1
TA56;50;15;MTWR-M;3;Yes;30.00%;325;250;75;3113;12;1
TA57;50;15;MTWR-M;3;Yes;30.00%;325;250;75;3203;9;1
TA58;50;15;MTWR-M;3;Yes;30.00%;325;250;75;3127;8;1
TA59;50;15;MTWR-M;3;Yes;30.00%;325;250;75;2909;10;1
TA60;50;15;MTWR-M;3;Yes;30.00%;325;250;75;3015;11;1
TA51;50;15;MTWR-M;4;Yes;10.00%;206;188;19;2907;5;1
TA52;50;15;MTWR-M;4;Yes;10.00%;206;188;19;3034;10;1
TA53;50;15;MTWR-M;4;Yes;10.00%;206;188;19;2906;7;1
TA54;50;15;MTWR-M;4;Yes;10.00%;206;188;19;2888;2;1
TA55;50;15;MTWR-M;4;Yes;10.00%;206;188;19;2858;7;1
TA56;50;15;MTWR-M;4;Yes;10.00%;206;188;19;3042;9;1
TA57;50;15;MTWR-M;4;Yes;10.00%;206;188;19;3115;6;1
TA58;50;15;MTWR-M;4;Yes;10.00%;206;188;19;3133;9;1
TA59;50;15;MTWR-M;4;Yes;10.00%;206;188;19;2853;7;1
TA60;50;15;MTWR-M;4;Yes;10.00%;206;188;19;2970;9;1
TA51;50;15;MTWR-M;4;Yes;20.00%;225;188;38;2900;5;1
TA52;50;15;MTWR-M;4;Yes;20.00%;225;188;38;3089;12;1
TA53;50;15;MTWR-M;4;Yes;20.00%;225;188;38;2883;6;1
TA54;50;15;MTWR-M;4;Yes;20.00%;225;188;38;2858;1;1
TA55;50;15;MTWR-M;4;Yes;20.00%;225;188;38;2853;6;1
TA56;50;15;MTWR-M;4;Yes;20.00%;225;188;38;3025;9;1
TA57;50;15;MTWR-M;4;Yes;20.00%;225;188;38;3080;5;1
TA58;50;15;MTWR-M;4;Yes;20.00%;225;188;38;3142;9;1
TA59;50;15;MTWR-M;4;Yes;20.00%;225;188;38;2811;6;1
TA60;50;15;MTWR-M;4;Yes;20.00%;225;188;38;2902;7;1
TA51;50;15;MTWR-M;4;Yes;30.00%;244;188;56;2880;4;1
TA52;50;15;MTWR-M;4;Yes;30.00%;244;188;56;3071;11;1
TA53;50;15;MTWR-M;4;Yes;30.00%;244;188;56;2884;6;1
TA54;50;15;MTWR-M;4;Yes;30.00%;244;188;56;2847;0;1
TA55;50;15;MTWR-M;4;Yes;30.00%;244;188;56;2848;6;1
TA56;50;15;MTWR-M;4;Yes;30.00%;244;188;56;3040;9;1
TA57;50;15;MTWR-M;4;Yes;30.00%;244;188;56;3090;5;1
TA58;50;15;MTWR-M;4;Yes;30.00%;244;188;56;3101;7;1
TA59;50;15;MTWR-M;4;Yes;30.00%;244;188;56;2861;8;1
TA60;50;15;MTWR-M;4;Yes;30.00%;244;188;56;2895;6;1
TA51;50;15;MTWR-M;5;Yes;10.00%;165;150;15;2972;8;1
TA52;50;15;MTWR-M;5;Yes;10.00%;165;150;15;3123;13;1
TA53;50;15;MTWR-M;5;Yes;10.00%;165;150;15;2920;7;1
TA54;50;15;MTWR-M;5;Yes;10.00%;165;150;15;2890;2;1
TA55;50;15;MTWR-M;5;Yes;10.00%;165;150;15;2981;11;1
TA56;50;15;MTWR-M;5;Yes;10.00%;165;150;15;3111;12;1
TA57;50;15;MTWR-M;5;Yes;10.00%;165;150;15;3250;10;1
TA58;50;15;MTWR-M;5;Yes;10.00%;165;150;15;3049;6;1
TA59;50;15;MTWR-M;5;Yes;10.00%;165;150;15;2835;7;1
TA60;50;15;MTWR-M;5;Yes;10.00%;165;150;15;2982;10;1
TA51;50;15;MTWR-M;5;Yes;20.00%;180;150;30;2991;8;1
TA52;50;15;MTWR-M;5;Yes;20.00%;180;150;30;3177;15;1
TA53;50;15;MTWR-M;5;Yes;20.00%;180;150;30;2835;4;1
TA54;50;15;MTWR-M;5;Yes;20.00%;180;150;30;2900;2;1
TA55;50;15;MTWR-M;5;Yes;20.00%;180;150;30;2986;11;1
TA56;50;15;MTWR-M;5;Yes;20.00%;180;150;30;3021;9;1
TA57;50;15;MTWR-M;5;Yes;20.00%;180;150;30;3208;9;1
TA58;50;15;MTWR-M;5;Yes;20.00%;180;150;30;3050;6;1
TA59;50;15;MTWR-M;5;Yes;20.00%;180;150;30;2864;8;1
TA60;50;15;MTWR-M;5;Yes;20.00%;180;150;30;2905;7;1
TA51;50;15;MTWR-M;5;Yes;30.00%;195;150;45;3001;9;1
TA52;50;15;MTWR-M;5;Yes;30.00%;195;150;45;3155;14;1
TA53;50;15;MTWR-M;5;Yes;30.00%;195;150;45;2870;6;1
TA54;50;15;MTWR-M;5;Yes;30.00%;195;150;45;2884;2;1
TA55;50;15;MTWR-M;5;Yes;30.00%;195;150;45;2898;8;1
TA56;50;15;MTWR-M;5;Yes;30.00%;195;150;45;3006;8;1
TA57;50;15;MTWR-M;5;Yes;30.00%;195;150;45;3163;7;1
TA58;50;15;MTWR-M;5;Yes;30.00%;195;150;45;3053;6;1
TA59;50;15;MTWR-M;5;Yes;30.00%;195;150;45;2786;5;1
TA60;50;15;MTWR-M;5;Yes;30.00%;195;150;45;2945;8;1
TA51;50;15;EST-T;2;Yes;10.00%;413;375;38;3337;21;2
TA52;50;15;EST-T;2;Yes;10.00%;413;375;38;3532;28;2
TA53;50;15;EST-T;2;Yes;10.00%;413;375;38;3407;25;2
TA54;50;15;EST-T;2;Yes;10.00%;413;375;38;3333;17;1
TA55;50;15;EST-T;2;Yes;10.00%;413;375;38;3321;24;2
TA56;50;15;EST-T;2;Yes;10.00%;413;375;38;3358;21;2
TA57;50;15;EST-T;2;Yes;10.00%;413;375;38;3425;16;1
TA58;50;15;EST-T;2;Yes;10.00%;413;375;38;3590;24;2
TA59;50;15;EST-T;2;Yes;10.00%;413;375;38;3251;22;2
TA60;50;15;EST-T;2;Yes;10.00%;413;375;38;3188;17;1
TA51;50;15;EST-T;2;Yes;20.00%;450;375;75;3368;22;2
TA52;50;15;EST-T;2;Yes;20.00%;450;375;75;3403;23;2
TA53;50;15;EST-T;2;Yes;20.00%;450;375;75;3303;22;2
TA54;50;15;EST-T;2;Yes;20.00%;450;375;75;3356;18;1
TA55;50;15;EST-T;2;Yes;20.00%;450;375;75;3337;25;2
TA56;50;15;EST-T;2;Yes;20.00%;450;375;75;3328;20;1
TA57;50;15;EST-T;2;Yes;20.00%;450;375;75;3421;16;1
TA58;50;15;EST-T;2;Yes;20.00%;450;375;75;3568;24;2
TA59;50;15;EST-T;2;Yes;20.00%;450;375;75;3269;23;2
TA60;50;15;EST-T;2;Yes;20.00%;450;375;75;3219;18;1
TA51;50;15;EST-T;2;Yes;30.00%;488;375;113;3334;21;2
TA52;50;15;EST-T;2;Yes;30.00%;488;375;113;3411;24;2
TA53;50;15;EST-T;2;Yes;30.00%;488;375;113;3285;21;2
TA54;50;15;EST-T;2;Yes;30.00%;488;375;113;3242;14;1
TA55;50;15;EST-T;2;Yes;30.00%;488;375;113;3332;24;2
TA56;50;15;EST-T;2;Yes;30.00%;488;375;113;3331;20;1
TA57;50;15;EST-T;2;Yes;30.00%;488;375;113;3426;16;1
TA58;50;15;EST-T;2;Yes;30.00%;488;375;113;3469;20;2
TA59;50;15;EST-T;2;Yes;30.00%;488;375;113;3292;24;2
TA60;50;15;EST-T;2;Yes;30.00%;488;375;113;3239;19;1
TA51;50;15;MTWR-T;2;Yes;10.00%;413;375;38;3409;24;2
TA52;50;15;MTWR-T;2;Yes;10.00%;413;375;38;3293;19;1
TA53;50;15;MTWR-T;2;Yes;10.00%;413;375;38;3076;13;1
TA54;50;15;MTWR-T;2;Yes;10.00%;413;375;38;3244;14;1
TA55;50;15;MTWR-T;2;Yes;10.00%;413;375;38;3328;24;2
TA56;50;15;MTWR-T;2;Yes;10.00%;413;375;38;3234;16;1
TA57;50;15;MTWR-T;2;Yes;10.00%;413;375;38;3435;17;1
TA58;50;15;MTWR-T;2;Yes;10.00%;413;375;38;3568;24;2
TA59;50;15;MTWR-T;2;Yes;10.00%;413;375;38;3235;22;2
TA60;50;15;MTWR-T;2;Yes;10.00%;413;375;38;3172;16;1
TA51;50;15;MTWR-T;2;Yes;20.00%;450;375;75;3319;20;2
TA52;50;15;MTWR-T;2;Yes;20.00%;450;375;75;3273;19;1
TA53;50;15;MTWR-T;2;Yes;20.00%;450;375;75;3120;15;1
TA54;50;15;MTWR-T;2;Yes;20.00%;450;375;75;3181;12;1
TA55;50;15;MTWR-T;2;Yes;20.00%;450;375;75;3291;23;2
TA56;50;15;MTWR-T;2;Yes;20.00%;450;375;75;3321;19;1
TA57;50;15;MTWR-T;2;Yes;20.00%;450;375;75;3438;17;1
TA58;50;15;MTWR-T;2;Yes;20.00%;450;375;75;3566;24;2
TA59;50;15;MTWR-T;2;Yes;20.00%;450;375;75;3321;25;2
TA60;50;15;MTWR-T;2;Yes;20.00%;450;375;75;3263;20;1
TA51;50;15;MTWR-T;2;Yes;30.00%;488;375;113;3306;20;1
TA52;50;15;MTWR-T;2;Yes;30.00%;488;375;113;3308;20;2
TA53;50;15;MTWR-T;2;Yes;30.00%;488;375;113;3172;17;1
TA54;50;15;MTWR-T;2;Yes;30.00%;488;375;113;3197;13;1
TA55;50;15;MTWR-T;2;Yes;30.00%;488;375;113;3300;23;2
TA56;50;15;MTWR-T;2;Yes;30.00%;488;375;113;3343;20;2
TA57;50;15;MTWR-T;2;Yes;30.00%;488;375;113;3493;19;1
TA58;50;15;MTWR-T;2;Yes;30.00%;488;375;113;3452;20;1
TA59;50;15;MTWR-T;2;Yes;30.00%;488;375;113;3286;24;2
TA60;50;15;MTWR-T;2;Yes;30.00%;488;375;113;3332;22;2
cscmax_50_15_10;50;15;EST-M;2;No;No;375;375;0;8713;45;2
cscmax_50_15_3;50;15;EST-M;2;No;No;375;375;0;8919;48;2
cscmax_50_15_4;50;15;EST-M;2;No;No;375;375;0;8611;41;2
cscmax_50_15_6;50;15;EST-M;2;No;No;375;375;0;8597;34;2
cscmax_50_15_8;50;15;EST-M;2;No;No;375;375;0;8932;47;2
rcmax_50_15_1;50;15;EST-M;2;No;No;375;375;0;6230;5;1
rcmax_50_15_2;50;15;EST-M;2;No;No;375;375;0;6161;8;1
rcmax_50_15_3;50;15;EST-M;2;No;No;375;375;0;6410;14;1
rcmax_50_15_4;50;15;EST-M;2;No;No;375;375;0;6081;13;1
rcmax_50_15_5;50;15;EST-M;2;No;No;375;375;0;6205;10;1
cscmax_50_15_10;50;15;EST-M;3;No;No;250;250;0;8786;46;2
cscmax_50_15_3;50;15;EST-M;3;No;No;250;250;0;8400;39;2
cscmax_50_15_4;50;15;EST-M;3;No;No;250;250;0;8466;38;2
cscmax_50_15_6;50;15;EST-M;3;No;No;250;250;0;8433;32;2
cscmax_50_15_8;50;15;EST-M;3;No;No;250;250;0;8606;42;2
rcmax_50_15_1;50;15;EST-M;3;No;No;250;250;0;6146;4;1
rcmax_50_15_2;50;15;EST-M;3;No;No;250;250;0;6028;5;1
rcmax_50_15_3;50;15;EST-M;3;No;No;250;250;0;6427;14;1
rcmax_50_15_4;50;15;EST-M;3;No;No;250;250;0;5736;7;1
rcmax_50_15_5;50;15;EST-M;3;No;No;250;250;0;5946;6;1
cscmax_50_15_10;50;15;EST-M;4;No;No;188;188;0;8345;39;2
cscmax_50_15_3;50;15;EST-M;4;No;No;188;188;0;8550;42;2
cscmax_50_15_4;50;15;EST-M;4;No;No;188;188;0;8419;37;2
cscmax_50_15_6;50;15;EST-M;4;No;No;188;188;0;8589;34;2
cscmax_50_15_8;50;15;EST-M;4;No;No;188;188;0;8789;45;2
rcmax_50_15_1;50;15;EST-M;4;No;No;188;188;0;6205;5;1
rcmax_50_15_2;50;15;EST-M;4;No;No;188;188;0;6277;10;1
rcmax_50_15_3;50;15;EST-M;4;No;No;188;188;0;6320;12;1
rcmax_50_15_4;50;15;EST-M;4;No;No;188;188;0;5831;8;1
rcmax_50_15_5;50;15;EST-M;4;No;No;188;188;0;5973;6;1
cscmax_50_15_10;50;15;EST-M;5;No;No;150;150;0;8661;44;2
cscmax_50_15_3;50;15;EST-M;5;No;No;150;150;0;8960;49;2
cscmax_50_15_4;50;15;EST-M;5;No;No;150;150;0;8727;43;2
cscmax_50_15_6;50;15;EST-M;5;No;No;150;150;0;8974;40;2
cscmax_50_15_8;50;15;EST-M;5;No;No;150;150;0;9185;51;3
rcmax_50_15_1;50;15;EST-M;5;No;No;150;150;0;6435;9;1
rcmax_50_15_2;50;15;EST-M;5;No;No;150;150;0;6155;7;1
rcmax_50_15_3;50;15;EST-M;5;No;No;150;150;0;6243;11;1
rcmax_50_15_4;50;15;EST-M;5;No;No;150;150;0;5992;11;1
rcmax_50_15_5;50;15;EST-M;5;No;No;150;150;0;6076;8;1
cscmax_50_15_10;50;15;EST-M;6;No;No;125;125;0;9156;53;3
cscmax_50_15_3;50;15;EST-M;6;No;No;125;125;0;9332;55;3
cscmax_50_15_4;50;15;EST-M;6;No;No;125;125;0;8999;47;2
cscmax_50_15_6;50;15;EST-M;6;No;No;125;125;0;9106;42;2
cscmax_50_15_8;50;15;EST-M;6;No;No;125;125;0;9211;51;3
rcmax_50_15_1;50;15;EST-M;6;No;No;125;125;0;6360;7;1
rcmax_50_15_2;50;15;EST-M;6;No;No;125;125;0;6255;9;1
rcmax_50_15_3;50;15;EST-M;6;No;No;125;125;0;6736;19;1
rcmax_50_15_4;50;15;EST-M;6;No;No;125;125;0;5941;10;1
rcmax_50_15_5;50;15;EST-M;6;No;No;125;125;0;6223;10;1
cscmax_50_15_10;50;15;EST-M;7;No;No;107;107;0;9637;61;3
cscmax_50_15_3;50;15;EST-M;7;No;No;107;107;0;9389;56;3
cscmax_50_15_4;50;15;EST-M;7;No;No;107;107;0;9930;62;3
cscmax_50_15_6;50;15;EST-M;7;No;No;107;107;0;10077;58;3
cscmax_50_15_8;50;15;EST-M;7;No;No;107;107;0;9769;61;3
rcmax_50_15_1;50;15;EST-M;7;No;No;107;107;0;6725;13;1
rcmax_50_15_2;50;15;EST-M;7;No;No;107;107;0;6459;13;1
rcmax_50_15_3;50;15;EST-M;7;No;No;107;107;0;6738;19;1
rcmax_50_15_4;50;15;EST-M;7;No;No;107;107;0;6161;14;1
rcmax_50_15_5;50;15;EST-M;7;No;No;107;107;0;6401;14;1
cscmax_50_15_10;50;15;EST-M;8;No;No;94;94;0;9806;63;3
cscmax_50_15_3;50;15;EST-M;8;No;No;94;94;0;10242;70;3
cscmax_50_15_4;50;15;EST-M;8;No;No;94;94;0;9836;61;3
cscmax_50_15_6;50;15;EST-M;8;No;No;94;94;0;10702;67;3
cscmax_50_15_8;50;15;EST-M;8;No;No;94;94;0;9831;62;3
rcmax_50_15_1;50;15;EST-M;8;No;No;94;94;0;6494;10;1
rcmax_50_15_2;50;15;EST-M;8;No;No;94;94;0;6995;22;2
rcmax_50_15_3;50;15;EST-M;8;No;No;94;94;0;6722;19;1
rcmax_50_15_4;50;15;EST-M;8;No;No;94;94;0;6178;15;1
rcmax_50_15_5;50;15;EST-M;8;No;No;94;94;0;6476;15;1
cscmax_50_15_10;50;15;EST-M;9;No;No;83;83;0;10274;71;3
cscmax_50_15_3;50;15;EST-M;9;No;No;83;83;0;10170;69;3
cscmax_50_15_4;50;15;EST-M;9;No;No;83;83;0;10499;71;3
cscmax_50_15_6;50;15;EST-M;9;No;No;83;83;0;10707;67;3
cscmax_50_15_8;50;15;EST-M;9;No;No;83;83;0;10537;73;3
rcmax_50_15_1;50;15;EST-M;9;No;No;83;83;0;6861;16;1
rcmax_50_15_2;50;15;EST-M;9;No;No;83;83;0;6609;15;1
rcmax_50_15_3;50;15;EST-M;9;No;No;83;83;0;6857;22;2
rcmax_50_15_4;50;15;EST-M;9;No;No;83;83;0;6173;15;1
rcmax_50_15_5;50;15;EST-M;9;No;No;83;83;0;6467;15;1
cscmax_50_15_10;50;15;EST-M;10;No;No;75;75;0;10665;78;3
cscmax_50_15_3;50;15;EST-M;10;No;No;75;75;0;11307;88;3
cscmax_50_15_4;50;15;EST-M;10;No;No;75;75;0;10685;75;3
cscmax_50_15_6;50;15;EST-M;10;No;No;75;75;0;11843;85;3
cscmax_50_15_8;50;15;EST-M;10;No;No;75;75;0;11054;82;3
rcmax_50_15_1;50;15;EST-M;10;No;No;75;75;0;6824;15;1
rcmax_50_15_2;50;15;EST-M;10;No;No;75;75;0;6728;17;1
rcmax_50_15_3;50;15;EST-M;10;No;No;75;75;0;6873;22;2
rcmax_50_15_4;50;15;EST-M;10;No;No;75;75;0;6223;16;1
rcmax_50_15_5;50;15;EST-M;10;No;No;75;75;0;6594;17;1
cscmax_50_15_10;50;15;MTWR-M;2;No;No;375;375;0;8739;46;2
cscmax_50_15_3;50;15;MTWR-M;2;No;No;375;375;0;9253;53;3
cscmax_50_15_4;50;15;MTWR-M;2;No;No;375;375;0;8807;44;2
cscmax_50_15_6;50;15;MTWR-M;2;No;No;375;375;0;9470;48;2
cscmax_50_15_8;50;15;MTWR-M;2;No;No;375;375;0;9081;49;2
rcmax_50_15_1;50;15;MTWR-M;2;No;No;375;375;0;6236;5;1
rcmax_50_15_2;50;15;MTWR-M;2;No;No;375;375;0;6170;8;1
rcmax_50_15_3;50;15;MTWR-M;2;No;No;375;375;0;6297;12;1
rcmax_50_15_4;50;15;MTWR-M;2;No;No;375;375;0;6233;16;1
rcmax_50_15_5;50;15;MTWR-M;2;No;No;375;375;0;6197;10;1
cscmax_50_15_10;50;15;MTWR-M;3;No;No;250;250;0;8492;42;2
cscmax_50_15_3;50;15;MTWR-M;3;No;No;250;250;0;8780;46;2
cscmax_50_15_4;50;15;MTWR-M;3;No;No;250;250;0;8862;45;2
cscmax_50_15_6;50;15;MTWR-M;3;No;No;250;250;0;9108;42;2
cscmax_50_15_8;50;15;MTWR-M;3;No;No;250;250;0;8897;46;2
rcmax_50_15_1;50;15;MTWR-M;3;No;No;250;250;0;6187;4;1
rcmax_50_15_2;50;15;MTWR-M;3;No;No;250;250;0;6065;6;1
rcmax_50_15_3;50;15;MTWR-M;3;No;No;250;250;0;6195;10;1
rcmax_50_15_4;50;15;MTWR-M;3;No;No;250;250;0;5870;9;1
rcmax_50_15_5;50;15;MTWR-M;3;No;No;250;250;0;5790;3;1
cscmax_50_15_10;50;15;MTWR-M;4;No;No;188;188;0;8358;39;2
cscmax_50_15_3;50;15;MTWR-M;4;No;No;188;188;0;8575;42;2
cscmax_50_15_4;50;15;MTWR-M;4;No;No;188;188;0;8580;40;2
cscmax_50_15_6;50;15;MTWR-M;4;No;No;188;188;0;9357;46;2
cscmax_50_15_8;50;15;MTWR-M;4;No;No;188;188;0;8427;39;2
rcmax_50_15_1;50;15;MTWR-M;4;No;No;188;188;0;6396;8;1
rcmax_50_15_2;50;15;MTWR-M;4;No;No;188;188;0;5907;3;1
rcmax_50_15_3;50;15;MTWR-M;4;No;No;188;188;0;6318;12;1
rcmax_50_15_4;50;15;MTWR-M;4;No;No;188;188;0;5835;8;1
rcmax_50_15_5;50;15;MTWR-M;4;No;No;188;188;0;5845;4;1
cscmax_50_15_10;50;15;MTWR-M;5;No;No;150;150;0;8765;46;2
cscmax_50_15_3;50;15;MTWR-M;5;No;No;150;150;0;9275;54;3
cscmax_50_15_4;50;15;MTWR-M;5;No;No;150;150;0;8878;45;2
cscmax_50_15_6;50;15;MTWR-M;5;No;No;150;150;0;9192;44;2
cscmax_50_15_8;50;15;MTWR-M;5;No;No;150;150;0;9352;54;3
rcmax_50_15_1;50;15;MTWR-M;5;No;No;150;150;0;6313;7;1
rcmax_50_15_2;50;15;MTWR-M;5;No;No;150;150;0;6123;7;1
rcmax_50_15_3;50;15;MTWR-M;5;No;No;150;150;0;6323;12;1
rcmax_50_15_4;50;15;MTWR-M;5;No;No;150;150;0;6114;14;1
rcmax_50_15_5;50;15;MTWR-M;5;No;No;150;150;0;5988;6;1
cscmax_50_15_10;50;15;MTWR-M;6;No;No;125;125;0;8900;48;2
cscmax_50_15_3;50;15;MTWR-M;6;No;No;125;125;0;9105;51;3
cscmax_50_15_4;50;15;MTWR-M;6;No;No;125;125;0;9211;50;3
cscmax_50_15_6;50;15;MTWR-M;6;No;No;125;125;0;9725;52;3
cscmax_50_15_8;50;15;MTWR-M;6;No;No;125;125;0;9691;59;3
rcmax_50_15_1;50;15;MTWR-M;6;No;No;125;125;0;6550;11;1
rcmax_50_15_2;50;15;MTWR-M;6;No;No;125;125;0;6263;9;1
rcmax_50_15_3;50;15;MTWR-M;6;No;No;125;125;0;6459;15;1
rcmax_50_15_4;50;15;MTWR-M;6;No;No;125;125;0;6168;15;1
rcmax_50_15_5;50;15;MTWR-M;6;No;No;125;125;0;5977;6;1
cscmax_50_15_10;50;15;MTWR-M;7;No;No;107;107;0;9497;58;3
cscmax_50_15_3;50;15;MTWR-M;7;No;No;107;107;0;9474;57;3
cscmax_50_15_4;50;15;MTWR-M;7;No;No;107;107;0;9462;55;3
cscmax_50_15_6;50;15;MTWR-M;7;No;No;107;107;0;10126;58;3
cscmax_50_15_8;50;15;MTWR-M;7;No;No;107;107;0;9649;59;3
rcmax_50_15_1;50;15;MTWR-M;7;No;No;107;107;0;6350;7;1
rcmax_50_15_2;50;15;MTWR-M;7;No;No;107;107;0;6380;11;1
rcmax_50_15_3;50;15;MTWR-M;7;No;No;107;107;0;6658;18;1
rcmax_50_15_4;50;15;MTWR-M;7;No;No;107;107;0;6067;13;1
rcmax_50_15_5;50;15;MTWR-M;7;No;No;107;107;0;6039;7;1
cscmax_50_15_10;50;15;MTWR-M;8;No;No;94;94;0;9704;62;3
cscmax_50_15_3;50;15;MTWR-M;8;No;No;94;94;0;9578;59;3
cscmax_50_15_4;50;15;MTWR-M;8;No;No;94;94;0;9814;60;3
cscmax_50_15_6;50;15;MTWR-M;8;No;No;94;94;0;10246;60;3
cscmax_50_15_8;50;15;MTWR-M;8;No;No;94;94;0;10137;67;3
rcmax_50_15_1;50;15;MTWR-M;8;No;No;94;94;0;6630;12;1
rcmax_50_15_2;50;15;MTWR-M;8;No;No;94;94;0;6420;12;1
rcmax_50_15_3;50;15;MTWR-M;8;No;No;94;94;0;6458;15;1
rcmax_50_15_4;50;15;MTWR-M;8;No;No;94;94;0;6162;14;1
rcmax_50_15_5;50;15;MTWR-M;8;No;No;94;94;0;6307;12;1
cscmax_50_15_10;50;15;MTWR-M;9;No;No;83;83;0;10390;73;3
cscmax_50_15_3;50;15;MTWR-M;9;No;No;83;83;0;10422;73;3
cscmax_50_15_4;50;15;MTWR-M;9;No;No;83;83;0;10199;67;3
cscmax_50_15_6;50;15;MTWR-M;9;No;No;83;83;0;11032;73;3
cscmax_50_15_8;50;15;MTWR-M;9;No;No;83;83;0;10658;75;3
rcmax_50_15_1;50;15;MTWR-M;9;No;No;83;83;0;6727;13;1
rcmax_50_15_2;50;15;MTWR-M;9;No;No;83;83;0;6354;11;1
rcmax_50_15_3;50;15;MTWR-M;9;No;No;83;83;0;6707;19;1
rcmax_50_15_4;50;15;MTWR-M;9;No;No;83;83;0;6444;20;1
rcmax_50_15_5;50;15;MTWR-M;9;No;No;83;83;0;6214;10;1
cscmax_50_15_10;50;15;MTWR-M;10;No;No;75;75;0;10657;78;3
cscmax_50_15_3;50;15;MTWR-M;10;No;No;75;75;0;10981;82;3
cscmax_50_15_4;50;15;MTWR-M;10;No;No;75;75;0;10366;69;3
cscmax_50_15_6;50;15;MTWR-M;10;No;No;75;75;0;11461;79;3
cscmax_50_15_8;50;15;MTWR-M;10;No;No;75;75;0;11117;83;3
rcmax_50_15_1;50;15;MTWR-M;10;No;No;75;75;0;6749;14;1
rcmax_50_15_2;50;15;MTWR-M;10;No;No;75;75;0;6838;19;1
rcmax_50_15_3;50;15;MTWR-M;10;No;No;75;75;0;6788;20;2
rcmax_50_15_4;50;15;MTWR-M;10;No;No;75;75;0;6323;17;1
rcmax_50_15_5;50;15;MTWR-M;10;No;No;75;75;0;6625;18;1
cscmax_50_15_10;50;15;EST-T;2;No;No;375;375;0;10432;74;3
cscmax_50_15_3;50;15;EST-T;2;No;No;375;375;0;10378;72;3
cscmax_50_15_4;50;15;EST-T;2;No;No;375;375;0;10347;69;3
cscmax_50_15_6;50;15;EST-T;2;No;No;375;375;0;10951;71;3
cscmax_50_15_8;50;15;EST-T;2;No;No;375;375;0;10499;73;3
rcmax_50_15_1;50;15;EST-T;2;No;No;375;375;0;6143;4;1
rcmax_50_15_2;50;15;EST-T;2;No;No;375;375;0;6625;16;1
rcmax_50_15_3;50;15;EST-T;2;No;No;375;375;0;6728;19;1
rcmax_50_15_4;50;15;EST-T;2;No;No;375;375;0;6496;21;2
rcmax_50_15_5;50;15;EST-T;2;No;No;375;375;0;6430;14;1
cscmax_50_15_10;50;15;EST-T;3;No;No;250;250;0;10375;73;3
cscmax_50_15_3;50;15;EST-T;3;No;No;250;250;0;9603;59;3
cscmax_50_15_4;50;15;EST-T;3;No;No;250;250;0;9794;60;3
cscmax_50_15_6;50;15;EST-T;3;No;No;250;250;0;10729;68;3
cscmax_50_15_8;50;15;EST-T;3;No;No;250;250;0;10341;70;3
rcmax_50_15_1;50;15;EST-T;3;No;No;250;250;0;6401;8;1
rcmax_50_15_2;50;15;EST-T;3;No;No;250;250;0;6887;20;2
rcmax_50_15_3;50;15;EST-T;3;No;No;250;250;0;7295;29;2
rcmax_50_15_4;50;15;EST-T;3;No;No;250;250;0;6888;28;2
rcmax_50_15_5;50;15;EST-T;3;No;No;250;250;0;6243;11;1
cscmax_50_15_10;50;15;EST-T;4;No;No;188;188;0;11328;89;3
cscmax_50_15_3;50;15;EST-T;4;No;No;188;188;0;11536;91;3
cscmax_50_15_4;50;15;EST-T;4;No;No;188;188;0;10693;75;3
cscmax_50_15_6;50;15;EST-T;4;No;No;188;188;0;12138;90;3
cscmax_50_15_8;50;15;EST-T;4;No;No;188;188;0;11752;93;3
rcmax_50_15_1;50;15;EST-T;4;No;No;188;188;0;6882;16;1
rcmax_50_15_2;50;15;EST-T;4;No;No;188;188;0;7185;25;2
rcmax_50_15_3;50;15;EST-T;4;No;No;188;188;0;7334;30;2
rcmax_50_15_4;50;15;EST-T;4;No;No;188;188;0;7456;38;2
rcmax_50_15_5;50;15;EST-T;4;No;No;188;188;0;7083;26;2
cscmax_50_15_10;50;15;EST-T;5;No;No;150;150;0;11480;91;3
cscmax_50_15_3;50;15;EST-T;5;No;No;150;150;0;12399;106;4
cscmax_50_15_4;50;15;EST-T;5;No;No;150;150;0;10967;79;3
cscmax_50_15_6;50;15;EST-T;5;No;No;150;150;0;11396;78;3
cscmax_50_15_8;50;15;EST-T;5;No;No;150;150;0;11855;95;3
rcmax_50_15_1;50;15;EST-T;5;No;No;150;150;0;7262;23;2
rcmax_50_15_2;50;15;EST-T;5;No;No;150;150;0;7259;27;2
rcmax_50_15_3;50;15;EST-T;5;No;No;150;150;0;7756;38;2
rcmax_50_15_4;50;15;EST-T;5;No;No;150;150;0;7449;38;2
rcmax_50_15_5;50;15;EST-T;5;No;No;150;150;0;7414;32;2
cscmax_50_15_10;50;15;EST-T;6;No;No;125;125;0;11612;94;3
cscmax_50_15_3;50;15;EST-T;6;No;No;125;125;0;12503;107;4
cscmax_50_15_4;50;15;EST-T;6;No;No;125;125;0;11677;91;3
cscmax_50_15_6;50;15;EST-T;6;No;No;125;125;0;11982;87;3
cscmax_50_15_8;50;15;EST-T;6;No;No;125;125;0;12742;110;4
rcmax_50_15_1;50;15;EST-T;6;No;No;125;125;0;7212;22;2
rcmax_50_15_2;50;15;EST-T;6;No;No;125;125;0;7285;27;2
rcmax_50_15_3;50;15;EST-T;6;No;No;125;125;0;7845;39;2
rcmax_50_15_4;50;15;EST-T;6;No;No;125;125;0;7756;44;2
rcmax_50_15_5;50;15;EST-T;6;No;No;125;125;0;7404;31;2
cscmax_50_15_10;50;15;EST-T;7;No;No;107;107;0;11890;98;3
cscmax_50_15_3;50;15;EST-T;7;No;No;107;107;0;12705;111;4
cscmax_50_15_4;50;15;EST-T;7;No;No;107;107;0;12275;100;4
cscmax_50_15_6;50;15;EST-T;7;No;No;107;107;0;12415;94;3
cscmax_50_15_8;50;15;EST-T;7;No;No;107;107;0;12197;101;4
rcmax_50_15_1;50;15;EST-T;7;No;No;107;107;0;8457;43;2
rcmax_50_15_2;50;15;EST-T;7;No;No;107;107;0;7805;36;2
rcmax_50_15_3;50;15;EST-T;7;No;No;107;107;0;8905;58;3
rcmax_50_15_4;50;15;EST-T;7;No;No;107;107;0;8387;56;3
rcmax_50_15_5;50;15;EST-T;7;No;No;107;107;0;7660;36;2
cscmax_50_15_10;50;15;EST-T;8;No;No;94;94;0;12615;110;4
cscmax_50_15_3;50;15;EST-T;8;No;No;94;94;0;13450;123;4
cscmax_50_15_4;50;15;EST-T;8;No;No;94;94;0;11861;94;3
cscmax_50_15_6;50;15;EST-T;8;No;No;94;94;0;13294;108;4
cscmax_50_15_8;50;15;EST-T;8;No;No;94;94;0;12625;108;4
rcmax_50_15_1;50;15;EST-T;8;No;No;94;94;0;8502;43;2
rcmax_50_15_2;50;15;EST-T;8;No;No;94;94;0;8170;43;2
rcmax_50_15_3;50;15;EST-T;8;No;No;94;94;0;8202;45;2
rcmax_50_15_4;50;15;EST-T;8;No;No;94;94;0;7668;42;2
rcmax_50_15_5;50;15;EST-T;8;No;No;94;94;0;7760;38;2
cscmax_50_15_10;50;15;EST-T;9;No;No;83;83;0;12697;112;4
cscmax_50_15_3;50;15;EST-T;9;No;No;83;83;0;12325;104;4
cscmax_50_15_4;50;15;EST-T;9;No;No;83;83;0;11547;89;3
cscmax_50_15_6;50;15;EST-T;9;No;No;83;83;0;13630;113;4
cscmax_50_15_8;50;15;EST-T;9;No;No;83;83;0;12730;109;4
rcmax_50_15_1;50;15;EST-T;9;No;No;83;83;0;7099;20;1
rcmax_50_15_2;50;15;EST-T;9;No;No;83;83;0;8171;43;2
rcmax_50_15_3;50;15;EST-T;9;No;No;83;83;0;8529;51;3
rcmax_50_15_4;50;15;EST-T;9;No;No;83;83;0;7697;43;2
rcmax_50_15_5;50;15;EST-T;9;No;No;83;83;0;7030;25;2
cscmax_50_15_10;50;15;EST-T;10;No;No;75;75;0;12575;110;4
cscmax_50_15_3;50;15;EST-T;10;No;No;75;75;0;12800;112;4
cscmax_50_15_4;50;15;EST-T;10;No;No;75;75;0;12051;97;3
cscmax_50_15_6;50;15;EST-T;10;No;No;75;75;0;12411;94;3
cscmax_50_15_8;50;15;EST-T;10;No;No;75;75;0;12701;109;4
rcmax_50_15_1;50;15;EST-T;10;No;No;75;75;0;7903;33;2
rcmax_50_15_2;50;15;EST-T;10;No;No;75;75;0;8134;42;2
rcmax_50_15_3;50;15;EST-T;10;No;No;75;75;0;7971;41;2
rcmax_50_15_4;50;15;EST-T;10;No;No;75;75;0;8058;50;2
rcmax_50_15_5;50;15;EST-T;10;No;No;75;75;0;7520;33;2
cscmax_50_15_10;50;15;MTWR-T;2;No;No;375;375;0;10524;75;3
cscmax_50_15_3;50;15;MTWR-T;2;No;No;375;375;0;10415;73;3
cscmax_50_15_4;50;15;MTWR-T;2;No;No;375;375;0;10510;72;3
cscmax_50_15_6;50;15;MTWR-T;2;No;No;375;375;0;11033;73;3
cscmax_50_15_8;50;15;MTWR-T;2;No;No;375;375;0;10493;73;3
rcmax_50_15_1;50;15;MTWR-T;2;No;No;375;375;0;6439;9;1
rcmax_50_15_2;50;15;MTWR-T;2;No;No;375;375;0;6329;10;1
rcmax_50_15_3;50;15;MTWR-T;2;No;No;375;375;0;7404;31;2
rcmax_50_15_4;50;15;MTWR-T;2;No;No;375;375;0;6700;24;2
rcmax_50_15_5;50;15;MTWR-T;2;No;No;375;375;0;6758;20;1
cscmax_50_15_10;50;15;MTWR-T;3;No;No;250;250;0;10193;70;3
cscmax_50_15_3;50;15;MTWR-T;3;No;No;250;250;0;10429;73;3
cscmax_50_15_4;50;15;MTWR-T;3;No;No;250;250;0;10599;73;3
cscmax_50_15_6;50;15;MTWR-T;3;No;No;250;250;0;11034;73;3
cscmax_50_15_8;50;15;MTWR-T;3;No;No;250;250;0;10293;69;3
rcmax_50_15_1;50;15;MTWR-T;3;No;No;250;250;0;6826;15;1
rcmax_50_15_2;50;15;MTWR-T;3;No;No;250;250;0;7067;23;2
rcmax_50_15_3;50;15;MTWR-T;3;No;No;250;250;0;7208;28;2
rcmax_50_15_4;50;15;MTWR-T;3;No;No;250;250;0;6943;29;2
rcmax_50_15_5;50;15;MTWR-T;3;No;No;250;250;0;6857;22;2
cscmax_50_15_10;50;15;MTWR-T;4;No;No;188;188;0;11433;91;3
cscmax_50_15_3;50;15;MTWR-T;4;No;No;188;188;0;10952;82;3
cscmax_50_15_4;50;15;MTWR-T;4;No;No;188;188;0;11818;93;3
cscmax_50_15_6;50;15;MTWR-T;4;No;No;188;188;0;12091;89;3
cscmax_50_15_8;50;15;MTWR-T;4;No;No;188;188;0;12082;99;3
rcmax_50_15_1;50;15;MTWR-T;4;No;No;188;188;0;7373;24;2
rcmax_50_15_2;50;15;MTWR-T;4;No;No;188;188;0;7326;28;2
rcmax_50_15_3;50;15;MTWR-T;4;No;No;188;188;0;8594;52;3
rcmax_50_15_4;50;15;MTWR-T;4;No;No;188;188;0;7122;32;2
rcmax_50_15_5;50;15;MTWR-T;4;No;No;188;188;0;7593;35;2
cscmax_50_15_10;50;15;MTWR-T;5;No;No;150;150;0;11487;91;3
cscmax_50_15_3;50;15;MTWR-T;5;No;No;150;150;0;11134;85;3
cscmax_50_15_4;50;15;MTWR-T;5;No;No;150;150;0;11415;86;3
cscmax_50_15_6;50;15;MTWR-T;5;No;No;150;150;0;12856;101;4
cscmax_50_15_8;50;15;MTWR-T;5;No;No;150;150;0;11409;88;3
rcmax_50_15_1;50;15;MTWR-T;5;No;No;150;150;0;6918;17;1
rcmax_50_15_2;50;15;MTWR-T;5;No;No;150;150;0;7709;35;2
rcmax_50_15_3;50;15;MTWR-T;5;No;No;150;150;0;8073;43;2
rcmax_50_15_4;50;15;MTWR-T;5;No;No;150;150;0;7456;38;2
rcmax_50_15_5;50;15;MTWR-T;5;No;No;150;150;0;7084;26;2
cscmax_50_15_10;50;15;MTWR-T;6;No;No;125;125;0;11644;94;3
cscmax_50_15_3;50;15;MTWR-T;6;No;No;125;125;0;12320;104;4
cscmax_50_15_4;50;15;MTWR-T;6;No;No;125;125;0;12313;101;4
cscmax_50_15_6;50;15;MTWR-T;6;No;No;125;125;0;13244;107;4
cscmax_50_15_8;50;15;MTWR-T;6;No;No;125;125;0;12615;107;4
rcmax_50_15_1;50;15;MTWR-T;6;No;No;125;125;0;7906;33;2
rcmax_50_15_2;50;15;MTWR-T;6;No;No;125;125;0;7796;36;2
rcmax_50_15_3;50;15;MTWR-T;6;No;No;125;125;0;8477;50;3
rcmax_50_15_4;50;15;MTWR-T;6;No;No;125;125;0;7511;39;2
rcmax_50_15_5;50;15;MTWR-T;6;No;No;125;125;0;7295;29;2
cscmax_50_15_10;50;15;MTWR-T;7;No;No;107;107;0;12242;104;4
cscmax_50_15_3;50;15;MTWR-T;7;No;No;107;107;0;12467;107;4
cscmax_50_15_4;50;15;MTWR-T;7;No;No;107;107;0;12356;102;4
cscmax_50_15_6;50;15;MTWR-T;7;No;No;107;107;0;12382;94;3
cscmax_50_15_8;50;15;MTWR-T;7;No;No;107;107;0;12372;103;4
rcmax_50_15_1;50;15;MTWR-T;7;No;No;107;107;0;7683;30;2
rcmax_50_15_2;50;15;MTWR-T;7;No;No;107;107;0;7882;38;2
rcmax_50_15_3;50;15;MTWR-T;7;No;No;107;107;0;7560;34;2
rcmax_50_15_4;50;15;MTWR-T;7;No;No;107;107;0;7555;40;2
rcmax_50_15_5;50;15;MTWR-T;7;No;No;107;107;0;7406;31;2
cscmax_50_15_10;50;15;MTWR-T;8;No;No;94;94;0;11903;98;3
cscmax_50_15_3;50;15;MTWR-T;8;No;No;94;94;0;11940;98;3
cscmax_50_15_4;50;15;MTWR-T;8;No;No;94;94;0;12797;109;4
cscmax_50_15_6;50;15;MTWR-T;8;No;No;94;94;0;13111;105;4
cscmax_50_15_8;50;15;MTWR-T;8;No;No;94;94;0;12738;110;4
rcmax_50_15_1;50;15;MTWR-T;8;No;No;94;94;0;8183;38;2
rcmax_50_15_2;50;15;MTWR-T;8;No;No;94;94;0;7626;33;2
rcmax_50_15_3;50;15;MTWR-T;8;No;No;94;94;0;8931;58;3
rcmax_50_15_4;50;15;MTWR-T;8;No;No;94;94;0;8137;51;3
rcmax_50_15_5;50;15;MTWR-T;8;No;No;94;94;0;7305;30;2
cscmax_50_15_10;50;15;MTWR-T;9;No;No;83;83;0;12518;109;4
cscmax_50_15_3;50;15;MTWR-T;9;No;No;83;83;0;13223;119;4
cscmax_50_15_4;50;15;MTWR-T;9;No;No;83;83;0;12831;110;4
cscmax_50_15_6;50;15;MTWR-T;9;No;No;83;83;0;13806;116;4
cscmax_50_15_8;50;15;MTWR-T;9;No;No;83;83;0;13153;116;4
rcmax_50_15_1;50;15;MTWR-T;9;No;No;83;83;0;7881;33;2
rcmax_50_15_2;50;15;MTWR-T;9;No;No;83;83;0;8500;48;2
rcmax_50_15_3;50;15;MTWR-T;9;No;No;83;83;0;8433;50;2
rcmax_50_15_4;50;15;MTWR-T;9;No;No;83;83;0;7914;47;2
rcmax_50_15_5;50;15;MTWR-T;9;No;No;83;83;0;7273;29;2
cscmax_50_15_10;50;15;MTWR-T;10;No;No;75;75;0;13029;117;4
cscmax_50_15_3;50;15;MTWR-T;10;No;No;75;75;0;11833;96;3
cscmax_50_15_4;50;15;MTWR-T;10;No;No;75;75;0;12304;101;4
cscmax_50_15_6;50;15;MTWR-T;10;No;No;75;75;0;13709;114;4
cscmax_50_15_8;50;15;MTWR-T;10;No;No;75;75;0;12874;112;4
rcmax_50_15_1;50;15;MTWR-T;10;No;No;75;75;0;7560;28;2
rcmax_50_15_2;50;15;MTWR-T;10;No;No;75;75;0;8554;49;2
rcmax_50_15_3;50;15;MTWR-T;10;No;No;75;75;0;8733;55;3
rcmax_50_15_4;50;15;MTWR-T;10;No;No;75;75;0;8022;49;2
rcmax_50_15_5;50;15;MTWR-T;10;No;No;75;75;0;7637;36;2
cscmax_50_15_10;50;15;EST-M;2;Yes;No;375;375;0;8453;38;2
cscmax_50_15_3;50;15;EST-M;2;Yes;No;375;375;0;8747;41;2
cscmax_50_15_4;50;15;EST-M;2;Yes;No;375;375;0;8492;37;2
cscmax_50_15_6;50;15;EST-M;2;Yes;No;375;375;0;8469;31;2
cscmax_50_15_8;50;15;EST-M;2;Yes;No;375;375;0;8782;41;2
rcmax_50_15_1;50;15;EST-M;2;Yes;No;375;375;0;6088;3;1
rcmax_50_15_2;50;15;EST-M;2;Yes;No;375;375;0;6152;7;1
rcmax_50_15_3;50;15;EST-M;2;Yes;No;375;375;0;6297;12;1
rcmax_50_15_4;50;15;EST-M;2;Yes;No;375;375;0;6018;12;1
rcmax_50_15_5;50;15;EST-M;2;Yes;No;375;375;0;6143;9;1
cscmax_50_15_10;50;15;EST-M;3;Yes;No;250;250;0;8719;42;2
cscmax_50_15_3;50;15;EST-M;3;Yes;No;250;250;0;8413;36;2
cscmax_50_15_4;50;15;EST-M;3;Yes;No;250;250;0;8412;36;2
cscmax_50_15_6;50;15;EST-M;3;Yes;No;250;250;0;8394;30;2
cscmax_50_15_8;50;15;EST-M;3;Yes;No;250;250;0;8386;35;2
rcmax_50_15_1;50;15;EST-M;3;Yes;No;250;250;0;5982;1;1
rcmax_50_15_2;50;15;EST-M;3;Yes;No;250;250;0;6052;6;1
rcmax_50_15_3;50;15;EST-M;3;Yes;No;250;250;0;6356;13;1
rcmax_50_15_4;50;15;EST-M;3;Yes;No;250;250;0;5676;5;1
rcmax_50_15_5;50;15;EST-M;3;Yes;No;250;250;0;5840;4;1
cscmax_50_15_10;50;15;EST-M;4;Yes;No;188;188;0;8347;36;2
cscmax_50_15_3;50;15;EST-M;4;Yes;No;188;188;0;8437;36;2
cscmax_50_15_4;50;15;EST-M;4;Yes;No;188;188;0;8287;34;2
cscmax_50_15_6;50;15;EST-M;4;Yes;No;188;188;0;8313;29;2
cscmax_50_15_8;50;15;EST-M;4;Yes;No;188;188;0;8521;37;2
rcmax_50_15_1;50;15;EST-M;4;Yes;No;188;188;0;5969;1;1
rcmax_50_15_2;50;15;EST-M;4;Yes;No;188;188;0;5987;5;1
rcmax_50_15_3;50;15;EST-M;4;Yes;No;188;188;0;6225;10;1
rcmax_50_15_4;50;15;EST-M;4;Yes;No;188;188;0;5723;6;1
rcmax_50_15_5;50;15;EST-M;4;Yes;No;188;188;0;5863;4;1
cscmax_50_15_10;50;15;EST-M;5;Yes;No;150;150;0;8547;39;2
cscmax_50_15_3;50;15;EST-M;5;Yes;No;150;150;0;8551;38;2
cscmax_50_15_4;50;15;EST-M;5;Yes;No;150;150;0;8585;39;2
cscmax_50_15_6;50;15;EST-M;5;Yes;No;150;150;0;8813;36;2
cscmax_50_15_8;50;15;EST-M;5;Yes;No;150;150;0;8584;38;2
rcmax_50_15_1;50;15;EST-M;5;Yes;No;150;150;0;5927;0;1
rcmax_50_15_2;50;15;EST-M;5;Yes;No;150;150;0;6075;6;1
rcmax_50_15_3;50;15;EST-M;5;Yes;No;150;150;0;6081;8;1
rcmax_50_15_4;50;15;EST-M;5;Yes;No;150;150;0;5790;8;1
rcmax_50_15_5;50;15;EST-M;5;Yes;No;150;150;0;5907;5;1
cscmax_50_15_10;50;15;EST-M;6;Yes;No;125;125;0;8380;37;2
cscmax_50_15_3;50;15;EST-M;6;Yes;No;125;125;0;8406;36;2
cscmax_50_15_4;50;15;EST-M;6;Yes;No;125;125;0;8530;38;2
cscmax_50_15_6;50;15;EST-M;6;Yes;No;125;125;0;8414;30;2
cscmax_50_15_8;50;15;EST-M;6;Yes;No;125;125;0;8562;38;2
rcmax_50_15_1;50;15;EST-M;6;Yes;No;125;125;0;5970;1;1
rcmax_50_15_2;50;15;EST-M;6;Yes;No;125;125;0;5923;3;1
rcmax_50_15_3;50;15;EST-M;6;Yes;No;125;125;0;6166;9;1
rcmax_50_15_4;50;15;EST-M;6;Yes;No;125;125;0;5937;10;1
rcmax_50_15_5;50;15;EST-M;6;Yes;No;125;125;0;6106;8;1
cscmax_50_15_10;50;15;EST-M;7;Yes;No;107;107;0;8323;36;2
cscmax_50_15_3;50;15;EST-M;7;Yes;No;107;107;0;7996;29;2
cscmax_50_15_4;50;15;EST-M;7;Yes;No;107;107;0;8704;40;2
cscmax_50_15_6;50;15;EST-M;7;Yes;No;107;107;0;8548;32;2
cscmax_50_15_8;50;15;EST-M;7;Yes;No;107;107;0;8783;42;2
rcmax_50_15_1;50;15;EST-M;7;Yes;No;107;107;0;6048;2;1
rcmax_50_15_2;50;15;EST-M;7;Yes;No;107;107;0;6002;5;1
rcmax_50_15_3;50;15;EST-M;7;Yes;No;107;107;0;6415;14;1
rcmax_50_15_4;50;15;EST-M;7;Yes;No;107;107;0;5858;9;1
rcmax_50_15_5;50;15;EST-M;7;Yes;No;107;107;0;5994;6;1
cscmax_50_15_10;50;15;EST-M;8;Yes;No;94;94;0;8294;35;2
cscmax_50_15_3;50;15;EST-M;8;Yes;No;94;94;0;8395;36;2
cscmax_50_15_4;50;15;EST-M;8;Yes;No;94;94;0;8299;34;2
cscmax_50_15_6;50;15;EST-M;8;Yes;No;94;94;0;8640;34;2
cscmax_50_15_8;50;15;EST-M;8;Yes;No;94;94;0;8246;33;2
rcmax_50_15_1;50;15;EST-M;8;Yes;No;94;94;0;6100;3;1
rcmax_50_15_2;50;15;EST-M;8;Yes;No;94;94;0;6126;7;1
rcmax_50_15_3;50;15;EST-M;8;Yes;No;94;94;0;6356;13;1
rcmax_50_15_4;50;15;EST-M;8;Yes;No;94;94;0;5938;10;1
rcmax_50_15_5;50;15;EST-M;8;Yes;No;94;94;0;5970;6;1
cscmax_50_15_10;50;15;EST-M;9;Yes;No;83;83;0;8330;36;2
cscmax_50_15_3;50;15;EST-M;9;Yes;No;83;83;0;8361;35;2
cscmax_50_15_4;50;15;EST-M;9;Yes;No;83;83;0;8480;37;2
cscmax_50_15_6;50;15;EST-M;9;Yes;No;83;83;0;8632;34;2
cscmax_50_15_8;50;15;EST-M;9;Yes;No;83;83;0;8513;37;2
rcmax_50_15_1;50;15;EST-M;9;Yes;No;83;83;0;6103;3;1
rcmax_50_15_2;50;15;EST-M;9;Yes;No;83;83;0;6091;6;1
rcmax_50_15_3;50;15;EST-M;9;Yes;No;83;83;0;6430;14;1
rcmax_50_15_4;50;15;EST-M;9;Yes;No;83;83;0;5913;10;1
rcmax_50_15_5;50;15;EST-M;9;Yes;No;83;83;0;6230;11;1
cscmax_50_15_10;50;15;EST-M;10;Yes;No;75;75;0;8332;36;2
cscmax_50_15_3;50;15;EST-M;10;Yes;No;75;75;0;8772;42;2
cscmax_50_15_4;50;15;EST-M;10;Yes;No;75;75;0;8547;38;2
cscmax_50_15_6;50;15;EST-M;10;Yes;No;75;75;0;8739;35;2
cscmax_50_15_8;50;15;EST-M;10;Yes;No;75;75;0;8240;33;2
rcmax_50_15_1;50;15;EST-M;10;Yes;No;75;75;0;6303;6;1
rcmax_50_15_2;50;15;EST-M;10;Yes;No;75;75;0;6231;9;1
rcmax_50_15_3;50;15;EST-M;10;Yes;No;75;75;0;6492;15;1
rcmax_50_15_4;50;15;EST-M;10;Yes;No;75;75;0;5991;11;1
rcmax_50_15_5;50;15;EST-M;10;Yes;No;75;75;0;6275;11;1
cscmax_50_15_10;50;15;MTWR-M;2;Yes;No;375;375;0;8789;43;2
cscmax_50_15_3;50;15;MTWR-M;2;Yes;No;375;375;0;9131;48;2
cscmax_50_15_4;50;15;MTWR-M;2;Yes;No;375;375;0;8832;43;2
cscmax_50_15_6;50;15;MTWR-M;2;Yes;No;375;375;0;9321;44;2
cscmax_50_15_8;50;15;MTWR-M;2;Yes;No;375;375;0;8937;44;2
rcmax_50_15_1;50;15;MTWR-M;2;Yes;No;375;375;0;6200;5;1
rcmax_50_15_2;50;15;MTWR-M;2;Yes;No;375;375;0;6145;7;1
rcmax_50_15_3;50;15;MTWR-M;2;Yes;No;375;375;0;6315;12;1
rcmax_50_15_4;50;15;MTWR-M;2;Yes;No;375;375;0;6195;15;1
rcmax_50_15_5;50;15;MTWR-M;2;Yes;No;375;375;0;6175;10;1
cscmax_50_15_10;50;15;MTWR-M;3;Yes;No;250;250;0;8446;38;2
cscmax_50_15_3;50;15;MTWR-M;3;Yes;No;250;250;0;8799;42;2
cscmax_50_15_4;50;15;MTWR-M;3;Yes;No;250;250;0;8808;42;2
cscmax_50_15_6;50;15;MTWR-M;3;Yes;No;250;250;0;8940;38;2
cscmax_50_15_8;50;15;MTWR-M;3;Yes;No;250;250;0;8793;42;2
rcmax_50_15_1;50;15;MTWR-M;3;Yes;No;250;250;0;5927;0;1
rcmax_50_15_2;50;15;MTWR-M;3;Yes;No;250;250;0;5970;4;1
rcmax_50_15_3;50;15;MTWR-M;3;Yes;No;250;250;0;6195;10;1
rcmax_50_15_4;50;15;MTWR-M;3;Yes;No;250;250;0;5870;9;1
rcmax_50_15_5;50;15;MTWR-M;3;Yes;No;250;250;0;5773;2;1
cscmax_50_15_10;50;15;MTWR-M;4;Yes;No;188;188;0;8260;35;2
cscmax_50_15_3;50;15;MTWR-M;4;Yes;No;188;188;0;8372;35;2
cscmax_50_15_4;50;15;MTWR-M;4;Yes;No;188;188;0;8459;37;2
cscmax_50_15_6;50;15;MTWR-M;4;Yes;No;188;188;0;8850;37;2
cscmax_50_15_8;50;15;MTWR-M;4;Yes;No;188;188;0;8271;33;2
rcmax_50_15_1;50;15;MTWR-M;4;Yes;No;188;188;0;5962;1;1
rcmax_50_15_2;50;15;MTWR-M;4;Yes;No;188;188;0;5872;3;1
rcmax_50_15_3;50;15;MTWR-M;4;Yes;No;188;188;0;6109;8;1
rcmax_50_15_4;50;15;MTWR-M;4;Yes;No;188;188;0;5803;8;1
rcmax_50_15_5;50;15;MTWR-M;4;Yes;No;188;188;0;5816;3;1
cscmax_50_15_10;50;15;MTWR-M;5;Yes;No;150;150;0;8190;33;2
cscmax_50_15_3;50;15;MTWR-M;5;Yes;No;150;150;0;8245;33;2
cscmax_50_15_4;50;15;MTWR-M;5;Yes;No;150;150;0;8486;37;2
cscmax_50_15_6;50;15;MTWR-M;5;Yes;No;150;150;0;8513;32;2
cscmax_50_15_8;50;15;MTWR-M;5;Yes;No;150;150;0;8251;33;2
rcmax_50_15_1;50;15;MTWR-M;5;Yes;No;150;150;0;5927;0;1
rcmax_50_15_2;50;15;MTWR-M;5;Yes;No;150;150;0;6019;5;1
rcmax_50_15_3;50;15;MTWR-M;5;Yes;No;150;150;0;6190;10;1
rcmax_50_15_4;50;15;MTWR-M;5;Yes;No;150;150;0;5984;11;1
rcmax_50_15_5;50;15;MTWR-M;5;Yes;No;150;150;0;5931;5;1
cscmax_50_15_10;50;15;MTWR-M;6;Yes;No;125;125;0;8033;31;2
cscmax_50_15_3;50;15;MTWR-M;6;Yes;No;125;125;0;8085;31;2
cscmax_50_15_4;50;15;MTWR-M;6;Yes;No;125;125;0;8162;32;2
cscmax_50_15_6;50;15;MTWR-M;6;Yes;No;125;125;0;8335;29;2
cscmax_50_15_8;50;15;MTWR-M;6;Yes;No;125;125;0;8134;31;2
rcmax_50_15_1;50;15;MTWR-M;6;Yes;No;125;125;0;5963;1;1
rcmax_50_15_2;50;15;MTWR-M;6;Yes;No;125;125;0;6119;7;1
rcmax_50_15_3;50;15;MTWR-M;6;Yes;No;125;125;0;6296;12;1
rcmax_50_15_4;50;15;MTWR-M;6;Yes;No;125;125;0;5969;11;1
rcmax_50_15_5;50;15;MTWR-M;6;Yes;No;125;125;0;5868;4;1
cscmax_50_15_10;50;15;MTWR-M;7;Yes;No;107;107;0;8176;33;2
cscmax_50_15_3;50;15;MTWR-M;7;Yes;No;107;107;0;8052;30;2
cscmax_50_15_4;50;15;MTWR-M;7;Yes;No;107;107;0;8245;33;2
cscmax_50_15_6;50;15;MTWR-M;7;Yes;No;107;107;0;8421;30;2
cscmax_50_15_8;50;15;MTWR-M;7;Yes;No;107;107;0;8094;30;2
rcmax_50_15_1;50;15;MTWR-M;7;Yes;No;107;107;0;5927;0;1
rcmax_50_15_2;50;15;MTWR-M;7;Yes;No;107;107;0;6071;6;1
rcmax_50_15_3;50;15;MTWR-M;7;Yes;No;107;107;0;6304;12;1
rcmax_50_15_4;50;15;MTWR-M;7;Yes;No;107;107;0;5880;9;1
rcmax_50_15_5;50;15;MTWR-M;7;Yes;No;107;107;0;6011;7;1
cscmax_50_15_10;50;15;MTWR-M;8;Yes;No;94;94;0;7862;28;2
cscmax_50_15_3;50;15;MTWR-M;8;Yes;No;94;94;0;7955;29;2
cscmax_50_15_4;50;15;MTWR-M;8;Yes;No;94;94;0;7992;29;2
cscmax_50_15_6;50;15;MTWR-M;8;Yes;No;94;94;0;8340;29;2
cscmax_50_15_8;50;15;MTWR-M;8;Yes;No;94;94;0;8246;33;2
rcmax_50_15_1;50;15;MTWR-M;8;Yes;No;94;94;0;5927;0;1
rcmax_50_15_2;50;15;MTWR-M;8;Yes;No;94;94;0;5991;5;1
rcmax_50_15_3;50;15;MTWR-M;8;Yes;No;94;94;0;6174;9;1
rcmax_50_15_4;50;15;MTWR-M;8;Yes;No;94;94;0;5928;10;1
rcmax_50_15_5;50;15;MTWR-M;8;Yes;No;94;94;0;6110;8;1
cscmax_50_15_10;50;15;MTWR-M;9;Yes;No;83;83;0;8166;33;2
cscmax_50_15_3;50;15;MTWR-M;9;Yes;No;83;83;0;7953;29;2
cscmax_50_15_4;50;15;MTWR-M;9;Yes;No;83;83;0;8053;30;2
cscmax_50_15_6;50;15;MTWR-M;9;Yes;No;83;83;0;8344;29;2
cscmax_50_15_8;50;15;MTWR-M;9;Yes;No;83;83;0;8192;32;2
rcmax_50_15_1;50;15;MTWR-M;9;Yes;No;83;83;0;5927;0;1
rcmax_50_15_2;50;15;MTWR-M;9;Yes;No;83;83;0;6176;8;1
rcmax_50_15_3;50;15;MTWR-M;9;Yes;No;83;83;0;6196;10;1
rcmax_50_15_4;50;15;MTWR-M;9;Yes;No;83;83;0;6040;12;1
rcmax_50_15_5;50;15;MTWR-M;9;Yes;No;83;83;0;6128;9;1
cscmax_50_15_10;50;15;MTWR-M;10;Yes;No;75;75;0;8166;33;2
cscmax_50_15_3;50;15;MTWR-M;10;Yes;No;75;75;0;8042;30;2
cscmax_50_15_4;50;15;MTWR-M;10;Yes;No;75;75;0;7992;29;2
cscmax_50_15_6;50;15;MTWR-M;10;Yes;No;75;75;0;8377;30;2
cscmax_50_15_8;50;15;MTWR-M;10;Yes;No;75;75;0;8159;31;2
rcmax_50_15_1;50;15;MTWR-M;10;Yes;No;75;75;0;5927;0;1
rcmax_50_15_2;50;15;MTWR-M;10;Yes;No;75;75;0;6032;5;1
rcmax_50_15_3;50;15;MTWR-M;10;Yes;No;75;75;0;6307;12;1
rcmax_50_15_4;50;15;MTWR-M;10;Yes;No;75;75;0;6043;12;1
rcmax_50_15_5;50;15;MTWR-M;10;Yes;No;75;75;0;6094;8;1
cscmax_50_15_10;50;15;EST-T;2;Yes;No;375;375;0;10432;70;3
cscmax_50_15_3;50;15;EST-T;2;Yes;No;375;375;0;10378;68;3
cscmax_50_15_4;50;15;EST-T;2;Yes;No;375;375;0;10347;67;3
cscmax_50_15_6;50;15;EST-T;2;Yes;No;375;375;0;10951;69;3
cscmax_50_15_8;50;15;EST-T;2;Yes;No;375;375;0;10499;69;3
rcmax_50_15_1;50;15;EST-T;2;Yes;No;375;375;0;6143;4;1
rcmax_50_15_2;50;15;EST-T;2;Yes;No;375;375;0;6625;16;1
rcmax_50_15_3;50;15;EST-T;2;Yes;No;375;375;0;6728;19;1
rcmax_50_15_4;50;15;EST-T;2;Yes;No;375;375;0;6496;21;2
rcmax_50_15_5;50;15;EST-T;2;Yes;No;375;375;0;6430;14;1
cscmax_50_15_10;50;15;EST-T;3;Yes;No;250;250;0;8908;45;2
cscmax_50_15_3;50;15;EST-T;3;Yes;No;250;250;0;9035;46;2
cscmax_50_15_4;50;15;EST-T;3;Yes;No;250;250;0;9008;45;2
cscmax_50_15_6;50;15;EST-T;3;Yes;No;250;250;0;9724;50;3
cscmax_50_15_8;50;15;EST-T;3;Yes;No;250;250;0;9287;50;2
rcmax_50_15_1;50;15;EST-T;3;Yes;No;250;250;0;6282;6;1
rcmax_50_15_2;50;15;EST-T;3;Yes;No;250;250;0;6397;12;1
rcmax_50_15_3;50;15;EST-T;3;Yes;No;250;250;0;6946;23;2
rcmax_50_15_4;50;15;EST-T;3;Yes;No;250;250;0;6186;15;1
rcmax_50_15_5;50;15;EST-T;3;Yes;No;250;250;0;6120;9;1
cscmax_50_15_10;50;15;EST-T;4;Yes;No;188;188;0;9518;55;3
cscmax_50_15_3;50;15;EST-T;4;Yes;No;188;188;0;9905;60;3
cscmax_50_15_4;50;15;EST-T;4;Yes;No;188;188;0;9601;55;3
cscmax_50_15_6;50;15;EST-T;4;Yes;No;188;188;0;10549;63;3
cscmax_50_15_8;50;15;EST-T;4;Yes;No;188;188;0;10534;70;3
rcmax_50_15_1;50;15;EST-T;4;Yes;No;188;188;0;6567;11;1
rcmax_50_15_2;50;15;EST-T;4;Yes;No;188;188;0;6655;16;1
rcmax_50_15_3;50;15;EST-T;4;Yes;No;188;188;0;6969;24;2
rcmax_50_15_4;50;15;EST-T;4;Yes;No;188;188;0;6474;20;2
rcmax_50_15_5;50;15;EST-T;4;Yes;No;188;188;0;6441;14;1
cscmax_50_15_10;50;15;EST-T;5;Yes;No;150;150;0;9642;57;3
cscmax_50_15_3;50;15;EST-T;5;Yes;No;150;150;0;10166;64;3
cscmax_50_15_4;50;15;EST-T;5;Yes;No;150;150;0;9669;56;3
cscmax_50_15_6;50;15;EST-T;5;Yes;No;150;150;0;10574;64;3
cscmax_50_15_8;50;15;EST-T;5;Yes;No;150;150;0;9991;61;3
rcmax_50_15_1;50;15;EST-T;5;Yes;No;150;150;0;6267;6;1
rcmax_50_15_2;50;15;EST-T;5;Yes;No;150;150;0;6360;11;1
rcmax_50_15_3;50;15;EST-T;5;Yes;No;150;150;0;7113;26;2
rcmax_50_15_4;50;15;EST-T;5;Yes;No;150;150;0;6522;21;2
rcmax_50_15_5;50;15;EST-T;5;Yes;No;150;150;0;6505;15;1
cscmax_50_15_10;50;15;EST-T;6;Yes;No;125;125;0;9961;62;3
cscmax_50_15_3;50;15;EST-T;6;Yes;No;125;125;0;9360;51;3
cscmax_50_15_4;50;15;EST-T;6;Yes;No;125;125;0;9547;54;3
cscmax_50_15_6;50;15;EST-T;6;Yes;No;125;125;0;10057;56;3
cscmax_50_15_8;50;15;EST-T;6;Yes;No;125;125;0;10952;76;3
rcmax_50_15_1;50;15;EST-T;6;Yes;No;125;125;0;6339;7;1
rcmax_50_15_2;50;15;EST-T;6;Yes;No;125;125;0;6490;13;1
rcmax_50_15_3;50;15;EST-T;6;Yes;No;125;125;0;6970;24;2
rcmax_50_15_4;50;15;EST-T;6;Yes;No;125;125;0;6345;18;1
rcmax_50_15_5;50;15;EST-T;6;Yes;No;125;125;0;6588;17;1
cscmax_50_15_10;50;15;EST-T;7;Yes;No;107;107;0;9873;61;3
cscmax_50_15_3;50;15;EST-T;7;Yes;No;107;107;0;9752;58;3
cscmax_50_15_4;50;15;EST-T;7;Yes;No;107;107;0;10014;62;3
cscmax_50_15_6;50;15;EST-T;7;Yes;No;107;107;0;10036;55;3
cscmax_50_15_8;50;15;EST-T;7;Yes;No;107;107;0;10494;69;3
rcmax_50_15_1;50;15;EST-T;7;Yes;No;107;107;0;6925;17;1
rcmax_50_15_2;50;15;EST-T;7;Yes;No;107;107;0;6403;12;1
rcmax_50_15_3;50;15;EST-T;7;Yes;No;107;107;0;7076;25;2
rcmax_50_15_4;50;15;EST-T;7;Yes;No;107;107;0;6509;21;2
rcmax_50_15_5;50;15;EST-T;7;Yes;No;107;107;0;6450;14;1
cscmax_50_15_10;50;15;EST-T;8;Yes;No;94;94;0;10270;67;3
cscmax_50_15_3;50;15;EST-T;8;Yes;No;94;94;0;10047;62;3
cscmax_50_15_4;50;15;EST-T;8;Yes;No;94;94;0;10133;64;3
cscmax_50_15_6;50;15;EST-T;8;Yes;No;94;94;0;10965;70;3
cscmax_50_15_8;50;15;EST-T;8;Yes;No;94;94;0;10126;63;3
rcmax_50_15_1;50;15;EST-T;8;Yes;No;94;94;0;6581;11;1
rcmax_50_15_2;50;15;EST-T;8;Yes;No;94;94;0;6831;19;1
rcmax_50_15_3;50;15;EST-T;8;Yes;No;94;94;0;7082;26;2
rcmax_50_15_4;50;15;EST-T;8;Yes;No;94;94;0;6456;20;1
rcmax_50_15_5;50;15;EST-T;8;Yes;No;94;94;0;6529;16;1
cscmax_50_15_10;50;15;EST-T;9;Yes;No;83;83;0;9710;58;3
cscmax_50_15_3;50;15;EST-T;9;Yes;No;83;83;0;9995;61;3
cscmax_50_15_4;50;15;EST-T;9;Yes;No;83;83;0;9694;56;3
cscmax_50_15_6;50;15;EST-T;9;Yes;No;83;83;0;10417;61;3
cscmax_50_15_8;50;15;EST-T;9;Yes;No;83;83;0;10109;63;3
rcmax_50_15_1;50;15;EST-T;9;Yes;No;83;83;0;6447;9;1
rcmax_50_15_2;50;15;EST-T;9;Yes;No;83;83;0;7334;28;2
rcmax_50_15_3;50;15;EST-T;9;Yes;No;83;83;0;6975;24;2
rcmax_50_15_4;50;15;EST-T;9;Yes;No;83;83;0;6466;20;2
rcmax_50_15_5;50;15;EST-T;9;Yes;No;83;83;0;6378;13;1
cscmax_50_15_10;50;15;EST-T;10;Yes;No;75;75;0;9495;55;3
cscmax_50_15_3;50;15;EST-T;10;Yes;No;75;75;0;9953;61;3
cscmax_50_15_4;50;15;EST-T;10;Yes;No;75;75;0;9993;61;3
cscmax_50_15_6;50;15;EST-T;10;Yes;No;75;75;0;10049;55;3
cscmax_50_15_8;50;15;EST-T;10;Yes;No;75;75;0;10196;64;3
rcmax_50_15_1;50;15;EST-T;10;Yes;No;75;75;0;6446;9;1
rcmax_50_15_2;50;15;EST-T;10;Yes;No;75;75;0;6726;17;1
rcmax_50_15_3;50;15;EST-T;10;Yes;No;75;75;0;6822;21;2
rcmax_50_15_4;50;15;EST-T;10;Yes;No;75;75;0;6447;20;1
rcmax_50_15_5;50;15;EST-T;10;Yes;No;75;75;0;6467;15;1
cscmax_50_15_10;50;15;MTWR-T;2;Yes;No;375;375;0;10179;66;3
cscmax_50_15_3;50;15;MTWR-T;2;Yes;No;375;375;0;10371;68;3
cscmax_50_15_4;50;15;MTWR-T;2;Yes;No;375;375;0;10363;67;3
cscmax_50_15_6;50;15;MTWR-T;2;Yes;No;375;375;0;10493;62;3
cscmax_50_15_8;50;15;MTWR-T;2;Yes;No;375;375;0;10385;67;3
rcmax_50_15_1;50;15;MTWR-T;2;Yes;No;375;375;0;6252;5;1
rcmax_50_15_2;50;15;MTWR-T;2;Yes;No;375;375;0;6291;10;1
rcmax_50_15_3;50;15;MTWR-T;2;Yes;No;375;375;0;7054;25;2
rcmax_50_15_4;50;15;MTWR-T;2;Yes;No;375;375;0;6492;21;2
rcmax_50_15_5;50;15;MTWR-T;2;Yes;No;375;375;0;6451;14;1
cscmax_50_15_10;50;15;MTWR-T;3;Yes;No;250;250;0;9972;63;3
cscmax_50_15_3;50;15;MTWR-T;3;Yes;No;250;250;0;9838;59;3
cscmax_50_15_4;50;15;MTWR-T;3;Yes;No;250;250;0;10186;64;3
cscmax_50_15_6;50;15;MTWR-T;3;Yes;No;250;250;0;10327;60;3
cscmax_50_15_8;50;15;MTWR-T;3;Yes;No;250;250;0;9811;58;3
rcmax_50_15_1;50;15;MTWR-T;3;Yes;No;250;250;0;6144;4;1
rcmax_50_15_2;50;15;MTWR-T;3;Yes;No;250;250;0;6645;16;1
rcmax_50_15_3;50;15;MTWR-T;3;Yes;No;250;250;0;6983;24;2
rcmax_50_15_4;50;15;MTWR-T;3;Yes;No;250;250;0;6641;23;2
rcmax_50_15_5;50;15;MTWR-T;3;Yes;No;250;250;0;6418;14;1
cscmax_50_15_10;50;15;MTWR-T;4;Yes;No;188;188;0;10139;65;3
cscmax_50_15_3;50;15;MTWR-T;4;Yes;No;188;188;0;9582;55;3
cscmax_50_15_4;50;15;MTWR-T;4;Yes;No;188;188;0;10335;67;3
cscmax_50_15_6;50;15;MTWR-T;4;Yes;No;188;188;0;10602;64;3
cscmax_50_15_8;50;15;MTWR-T;4;Yes;No;188;188;0;10461;69;3
rcmax_50_15_1;50;15;MTWR-T;4;Yes;No;188;188;0;6520;10;1
rcmax_50_15_2;50;15;MTWR-T;4;Yes;No;188;188;0;6909;21;2
rcmax_50_15_3;50;15;MTWR-T;4;Yes;No;188;188;0;7034;25;2
rcmax_50_15_4;50;15;MTWR-T;4;Yes;No;188;188;0;6393;19;1
rcmax_50_15_5;50;15;MTWR-T;4;Yes;No;188;188;0;6627;18;1
cscmax_50_15_10;50;15;MTWR-T;5;Yes;No;150;150;0;9798;60;3
cscmax_50_15_3;50;15;MTWR-T;5;Yes;No;150;150;0;10349;67;3
cscmax_50_15_4;50;15;MTWR-T;5;Yes;No;150;150;0;9914;60;3
cscmax_50_15_6;50;15;MTWR-T;5;Yes;No;150;150;0;10422;61;3
cscmax_50_15_8;50;15;MTWR-T;5;Yes;No;150;150;0;9672;56;3
rcmax_50_15_1;50;15;MTWR-T;5;Yes;No;150;150;0;6370;7;1
rcmax_50_15_2;50;15;MTWR-T;5;Yes;No;150;150;0;6560;15;1
rcmax_50_15_3;50;15;MTWR-T;5;Yes;No;150;150;0;6814;21;2
rcmax_50_15_4;50;15;MTWR-T;5;Yes;No;150;150;0;6456;20;1
rcmax_50_15_5;50;15;MTWR-T;5;Yes;No;150;150;0;6427;14;1
cscmax_50_15_10;50;15;MTWR-T;6;Yes;No;125;125;0;9919;62;3
cscmax_50_15_3;50;15;MTWR-T;6;Yes;No;125;125;0;10014;62;3
cscmax_50_15_4;50;15;MTWR-T;6;Yes;No;125;125;0;9675;56;3
cscmax_50_15_6;50;15;MTWR-T;6;Yes;No;125;125;0;9944;54;3
cscmax_50_15_8;50;15;MTWR-T;6;Yes;No;125;125;0;10132;63;3
rcmax_50_15_1;50;15;MTWR-T;6;Yes;No;125;125;0;6592;11;1
rcmax_50_15_2;50;15;MTWR-T;6;Yes;No;125;125;0;6583;15;1
rcmax_50_15_3;50;15;MTWR-T;6;Yes;No;125;125;0;6842;21;2
rcmax_50_15_4;50;15;MTWR-T;6;Yes;No;125;125;0;6776;26;2
rcmax_50_15_5;50;15;MTWR-T;6;Yes;No;125;125;0;6670;18;1
cscmax_50_15_10;50;15;MTWR-T;7;Yes;No;107;107;0;10013;63;3
cscmax_50_15_3;50;15;MTWR-T;7;Yes;No;107;107;0;9454;53;3
cscmax_50_15_4;50;15;MTWR-T;7;Yes;No;107;107;0;9816;58;3
cscmax_50_15_6;50;15;MTWR-T;7;Yes;No;107;107;0;9921;54;3
cscmax_50_15_8;50;15;MTWR-T;7;Yes;No;107;107;0;9857;59;3
rcmax_50_15_1;50;15;MTWR-T;7;Yes;No;107;107;0;6450;9;1
rcmax_50_15_2;50;15;MTWR-T;7;Yes;No;107;107;0;6416;12;1
rcmax_50_15_3;50;15;MTWR-T;7;Yes;No;107;107;0;6902;22;2
rcmax_50_15_4;50;15;MTWR-T;7;Yes;No;107;107;0;6715;25;2
rcmax_50_15_5;50;15;MTWR-T;7;Yes;No;107;107;0;6470;15;1
cscmax_50_15_10;50;15;MTWR-T;8;Yes;No;94;94;0;10142;65;3
cscmax_50_15_3;50;15;MTWR-T;8;Yes;No;94;94;0;9873;60;3
cscmax_50_15_4;50;15;MTWR-T;8;Yes;No;94;94;0;9877;59;3
cscmax_50_15_6;50;15;MTWR-T;8;Yes;No;94;94;0;10133;57;3
cscmax_50_15_8;50;15;MTWR-T;8;Yes;No;94;94;0;9620;55;3
rcmax_50_15_1;50;15;MTWR-T;8;Yes;No;94;94;0;6565;11;1
rcmax_50_15_2;50;15;MTWR-T;8;Yes;No;94;94;0;6816;19;1
rcmax_50_15_3;50;15;MTWR-T;8;Yes;No;94;94;0;6939;23;2
rcmax_50_15_4;50;15;MTWR-T;8;Yes;No;94;94;0;6547;22;2
rcmax_50_15_5;50;15;MTWR-T;8;Yes;No;94;94;0;6484;15;1
cscmax_50_15_10;50;15;MTWR-T;9;Yes;No;83;83;0;9982;63;3
cscmax_50_15_3;50;15;MTWR-T;9;Yes;No;83;83;0;9543;54;3
cscmax_50_15_4;50;15;MTWR-T;9;Yes;No;83;83;0;9908;60;3
cscmax_50_15_6;50;15;MTWR-T;9;Yes;No;83;83;0;9823;52;3
cscmax_50_15_8;50;15;MTWR-T;9;Yes;No;83;83;0;9950;60;3
rcmax_50_15_1;50;15;MTWR-T;9;Yes;No;83;83;0;6150;4;1
rcmax_50_15_2;50;15;MTWR-T;9;Yes;No;83;83;0;6641;16;1
rcmax_50_15_3;50;15;MTWR-T;9;Yes;No;83;83;0;7179;27;2
rcmax_50_15_4;50;15;MTWR-T;9;Yes;No;83;83;0;6261;16;1
rcmax_50_15_5;50;15;MTWR-T;9;Yes;No;83;83;0;6434;14;1
cscmax_50_15_10;50;15;MTWR-T;10;Yes;No;75;75;0;9871;61;3
cscmax_50_15_3;50;15;MTWR-T;10;Yes;No;75;75;0;9797;58;3
cscmax_50_15_4;50;15;MTWR-T;10;Yes;No;75;75;0;9635;56;3
cscmax_50_15_6;50;15;MTWR-T;10;Yes;No;75;75;0;10504;63;3
cscmax_50_15_8;50;15;MTWR-T;10;Yes;No;75;75;0;9852;59;3
rcmax_50_15_1;50;15;MTWR-T;10;Yes;No;75;75;0;6319;7;1
rcmax_50_15_2;50;15;MTWR-T;10;Yes;No;75;75;0;6611;15;1
rcmax_50_15_3;50;15;MTWR-T;10;Yes;No;75;75;0;6887;22;2
rcmax_50_15_4;50;15;MTWR-T;10;Yes;No;75;75;0;6454;20;1
rcmax_50_15_5;50;15;MTWR-T;10;Yes;No;75;75;0;6532;16;1
